entity,code,year,is_aggregate,continent,auto_powerhouse,ev_sales,ev_sales_share,ev_stock,bev_share_ev_cars,phev_fcev_share_ev_cars,yoy_sales_growth_pct,global_sales_share_pct,sales_share_tier,tipping_year,years_since_tipping,rank_sales_in_year,rank_stock_in_year
Australia,AUS,2011,False,Asia-Pacific,False,49.0,0.0061,49.0,100.0,0.0,,0.1,Nascent (<1%),2022.0,-11.0,19.0,22.0
Australia,AUS,2012,False,Asia-Pacific,False,250.0,0.029,300.0,68.0,32.0,410.2040816326531,0.21008403361344538,Nascent (<1%),2022.0,-10.0,18.0,22.0
Australia,AUS,2013,False,Asia-Pacific,False,290.0,0.033,590.0,65.51724,34.48276,15.999999999999993,0.14427860696517414,Nascent (<1%),2022.0,-9.0,20.0,22.0
Australia,AUS,2014,False,Asia-Pacific,False,1320.0,0.15,1880.0,28.0303,71.9697,355.1724137931035,0.4,Nascent (<1%),2022.0,-8.0,17.0,19.0
Australia,AUS,2015,False,Asia-Pacific,False,1760.0,0.19,3600.0,43.18182,56.81818,33.33333333333333,0.3384615384615385,Nascent (<1%),2022.0,-7.0,18.0,19.0
Australia,AUS,2016,False,Asia-Pacific,False,1370.0,0.15,5000.0,48.90511,51.09489,-22.159090909090907,0.17564102564102566,Nascent (<1%),2022.0,-6.0,21.0,18.0
Australia,AUS,2017,False,Asia-Pacific,False,2300.0,0.25,7300.0,52.17391,47.82609,67.88321167883211,0.19166666666666665,Nascent (<1%),2022.0,-5.0,22.0,20.0
Australia,AUS,2018,False,Asia-Pacific,False,3600.0,0.42,10900.0,50.0,50.0,56.52173913043479,0.175609756097561,Nascent (<1%),2022.0,-4.0,25.0,21.0
Australia,AUS,2019,False,Asia-Pacific,False,9200.0,1.2,20600.0,68.47826,31.521739999999994,155.55555555555554,0.4423076923076923,Early (1-5%),2022.0,-3.0,20.0,20.0
Australia,AUS,2020,False,Asia-Pacific,False,6900.0,0.98,27000.0,75.36232,24.637680000000003,-25.0,0.2315436241610738,Nascent (<1%),2022.0,-2.0,22.0,20.0
Australia,AUS,2021,False,Asia-Pacific,False,20400.0,2.7,48000.0,83.33333,16.666669999999996,195.65217391304347,0.3090909090909091,Early (1-5%),2022.0,-1.0,21.0,20.0
Australia,AUS,2022,False,Asia-Pacific,False,38900.0,5.1,88000.0,84.8329,15.167100000000005,90.68627450980394,0.3813725490196079,Growth (5-20%),2022.0,0.0,20.0,20.0
Australia,AUS,2023,False,Asia-Pacific,False,98000.0,11.0,181000.0,88.77551,11.224490000000003,151.9280205655527,0.7153284671532847,Growth (5-20%),2022.0,1.0,15.0,19.0
Australia,AUS,2024,False,Asia-Pacific,False,114000.0,12.0,304000.0,79.82456,20.175439999999995,16.326530612244895,0.6514285714285715,Growth (5-20%),2022.0,2.0,14.0,17.0
Australia,AUS,2025,False,Asia-Pacific,False,133000.0,15.0,434000.0,75.18797,24.812029999999993,16.666666666666675,0.6273584905660377,Growth (5-20%),2022.0,3.0,20.0,16.0
Austria,AUT,2010,False,Europe,False,,,350.0,,,,,,2020.0,-10.0,,10.0
Austria,AUT,2011,False,Europe,False,,,990.0,,,,,,2020.0,-9.0,,10.0
Austria,AUT,2012,False,Europe,False,,,1540.0,,,,,,2020.0,-8.0,,11.0
Austria,AUT,2013,False,Europe,False,650.0,0.2,2510.0,100.0,0.0,,0.3233830845771144,Nascent (<1%),2020.0,-7.0,14.0,12.0
Austria,AUT,2014,False,Europe,False,1700.0,0.57,4180.0,100.0,0.0,161.53846153846155,0.5151515151515151,Nascent (<1%),2020.0,-6.0,14.0,12.0
Austria,AUT,2015,False,Europe,False,2800.0,0.9,6500.0,60.71429,39.28571,64.70588235294117,0.5384615384615384,Nascent (<1%),2020.0,-5.0,15.0,14.0
Austria,AUT,2016,False,Europe,False,5000.0,1.5,11400.0,76.0,24.0,78.57142857142858,0.641025641025641,Early (1-5%),2020.0,-4.0,14.0,13.0
Austria,AUT,2017,False,Europe,False,7100.0,2.0,18900.0,76.05634,23.943659999999994,41.99999999999999,0.5916666666666667,Early (1-5%),2020.0,-3.0,16.0,14.0
Austria,AUT,2018,False,Europe,False,9100.0,2.6,26700.0,74.72527,25.274730000000005,28.169014084507047,0.4439024390243902,Early (1-5%),2020.0,-2.0,16.0,15.0
Austria,AUT,2019,False,Europe,False,11500.0,3.5,38000.0,80.86957,19.130430000000004,26.37362637362637,0.5528846153846154,Early (1-5%),2020.0,-1.0,17.0,16.0
Austria,AUT,2020,False,Europe,False,23600.0,9.5,60000.0,67.79661,32.20339,105.21739130434784,0.7919463087248323,Growth (5-20%),2020.0,0.0,17.0,17.0
Austria,AUT,2021,False,Europe,False,48000.0,20.0,106000.0,68.75,31.25,103.38983050847457,0.7272727272727273,Growth (5-20%),2020.0,1.0,16.0,17.0
Austria,AUT,2022,False,Europe,False,47000.0,22.0,152000.0,72.34043,27.659570000000002,-2.083333333333337,0.4607843137254902,Mainstream (20-50%),2020.0,2.0,18.0,17.0
Austria,AUT,2023,False,Europe,False,65000.0,27.0,218000.0,73.84615,26.153850000000006,38.29787234042554,0.4744525547445255,Mainstream (20-50%),2020.0,3.0,21.0,18.0
Austria,AUT,2024,False,Europe,False,62000.0,24.0,275000.0,72.58065,27.419349999999994,-4.61538461538461,0.35428571428571426,Mainstream (20-50%),2020.0,4.0,25.0,19.0
Austria,AUT,2025,False,Europe,False,90000.0,31.0,355000.0,67.77778,32.22221999999999,45.16129032258065,0.42452830188679247,Mainstream (20-50%),2020.0,5.0,23.0,22.0
Belgium,BEL,2010,False,Europe,False,56.0,0.01,70.0,85.71429,14.285709999999995,,0.7516778523489933,Nascent (<1%),2020.0,-10.0,12.0,15.0
Belgium,BEL,2011,False,Europe,False,296.0,0.052,346.0,94.59459,5.405410000000003,428.57142857142856,0.6040816326530613,Nascent (<1%),2020.0,-9.0,14.0,17.0
Belgium,BEL,2012,False,Europe,False,910.0,0.19,1180.0,62.63736,37.36264,207.43243243243242,0.7647058823529412,Nascent (<1%),2020.0,-8.0,11.0,15.0
Belgium,BEL,2013,False,Europe,False,560.0,0.11,1790.0,89.28571,10.714290000000005,-38.46153846153846,0.27860696517412936,Nascent (<1%),2020.0,-7.0,16.0,16.0
Belgium,BEL,2014,False,Europe,False,1950.0,0.41,3700.0,66.66667,33.333330000000004,248.21428571428572,0.5909090909090909,Nascent (<1%),2020.0,-6.0,12.0,13.0
Belgium,BEL,2015,False,Europe,False,3900.0,0.76,7100.0,35.89744,64.10256,100.0,0.75,Nascent (<1%),2020.0,-5.0,13.0,13.0
Belgium,BEL,2016,False,Europe,False,9200.0,1.7,16200.0,22.82609,77.17391,135.8974358974359,1.1794871794871795,Early (1-5%),2020.0,-4.0,11.0,11.0
Belgium,BEL,2017,False,Europe,False,14700.0,2.6,30500.0,18.36735,81.63265,59.78260869565217,1.225,Early (1-5%),2020.0,-3.0,11.0,11.0
Belgium,BEL,2018,False,Europe,False,13200.0,2.4,44000.0,27.27273,72.72727,-10.204081632653061,0.6439024390243903,Early (1-5%),2020.0,-2.0,12.0,12.0
Belgium,BEL,2019,False,Europe,False,17700.0,3.2,60000.0,49.71751,50.28249,34.09090909090908,0.8509615384615384,Early (1-5%),2020.0,-1.0,12.0,12.0
Belgium,BEL,2020,False,Europe,False,47000.0,11.0,105000.0,31.91489,68.08511,165.53672316384183,1.5771812080536913,Growth (5-20%),2020.0,0.0,11.0,12.0
Belgium,BEL,2021,False,Europe,False,71000.0,18.0,172000.0,32.39437,67.60562999999999,51.06382978723405,1.0757575757575757,Growth (5-20%),2020.0,1.0,12.0,13.0
Belgium,BEL,2022,False,Europe,False,97000.0,26.0,270000.0,39.17526,60.82474,36.61971830985915,0.9509803921568628,Mainstream (20-50%),2020.0,2.0,12.0,13.0
Belgium,BEL,2023,False,Europe,False,193000.0,41.0,470000.0,48.18653,51.81347,98.96907216494846,1.4087591240875912,Mainstream (20-50%),2020.0,3.0,6.0,13.0
Belgium,BEL,2024,False,Europe,False,197000.0,43.0,580000.0,65.98985,34.010149999999996,2.0725388601036343,1.125714285714286,Mainstream (20-50%),2020.0,4.0,7.0,12.0
Belgium,BEL,2025,False,Europe,False,180000.0,44.0,770000.0,77.77778,22.222219999999993,-8.629441624365485,0.8490566037735849,Mainstream (20-50%),2020.0,5.0,12.0,11.0
Brazil,BRA,2010,False,Americas,True,10.0,0.00035,,100.0,0.0,,0.1342281879194631,Nascent (<1%),2024.0,-14.0,16.0,
Brazil,BRA,2011,False,Americas,True,8.0,0.00028,,100.0,0.0,-19.999999999999996,0.0163265306122449,Nascent (<1%),2024.0,-13.0,25.0,
Brazil,BRA,2012,False,Americas,True,40.0,0.0013,,55.0,45.0,400.0,0.03361344537815126,Nascent (<1%),2024.0,-12.0,27.0,
Brazil,BRA,2013,False,Americas,True,72.0,0.0024,,54.16667,45.83333,80.0,0.03582089552238806,Nascent (<1%),2024.0,-11.0,25.0,
Brazil,BRA,2014,False,Americas,True,61.0,0.0022,61.0,100.0,0.0,-15.277777777777779,0.018484848484848482,Nascent (<1%),2024.0,-10.0,27.0,31.0
Brazil,BRA,2015,False,Americas,True,89.0,0.0042,148.0,68.53933,31.460669999999993,45.9016393442623,0.017115384615384616,Nascent (<1%),2024.0,-9.0,32.0,32.0
Brazil,BRA,2016,False,Americas,True,177.0,0.011,325.0,73.44633,26.553669999999997,98.87640449438202,0.022692307692307692,Nascent (<1%),2024.0,-8.0,32.0,33.0
Brazil,BRA,2017,False,Americas,True,430.0,0.023,680.0,32.55814,67.44185999999999,142.93785310734464,0.035833333333333335,Nascent (<1%),2024.0,-7.0,33.0,32.0
Brazil,BRA,2018,False,Americas,True,410.0,0.02,1050.0,43.90244,56.09756,-4.651162790697672,0.02,Nascent (<1%),2024.0,-6.0,37.0,32.0
Brazil,BRA,2019,False,Americas,True,1940.0,0.084,2990.0,27.83505,72.16495,373.17073170731703,0.09326923076923077,Nascent (<1%),2024.0,-5.0,29.0,31.0
Brazil,BRA,2020,False,Americas,True,2600.0,0.16,5400.0,30.76923,69.23077,34.020618556701024,0.087248322147651,Nascent (<1%),2024.0,-4.0,33.0,30.0
Brazil,BRA,2021,False,Americas,True,13900.0,0.92,19400.0,20.86331,79.13669,434.6153846153846,0.2106060606060606,Nascent (<1%),2024.0,-3.0,24.0,27.0
Brazil,BRA,2022,False,Americas,True,18500.0,1.2,39000.0,45.94595,54.05405,33.09352517985611,0.18137254901960784,Early (1-5%),2024.0,-2.0,27.0,27.0
Brazil,BRA,2023,False,Americas,True,52000.0,3.0,92000.0,36.53846,63.46154,181.0810810810811,0.3795620437956204,Early (1-5%),2024.0,-1.0,24.0,26.0
Brazil,BRA,2024,False,Americas,True,126000.0,6.4,214000.0,49.20635,50.79365,142.3076923076923,0.72,Growth (5-20%),2024.0,0.0,12.0,24.0
Brazil,BRA,2025,False,Americas,True,178000.0,9.0,390000.0,44.38202,55.61798,41.26984126984128,0.8396226415094339,Growth (5-20%),2024.0,1.0,13.0,20.0
Bulgaria,BGR,2015,False,Europe,False,21.0,,,100.0,0.0,,0.0040384615384615385,,,,45.0,
Bulgaria,BGR,2016,False,Europe,False,13.0,,,38.46154,61.53846,-38.095238095238095,0.0016666666666666668,,,,47.0,
Bulgaria,BGR,2017,False,Europe,False,106.0,,,64.15094,35.849059999999994,715.3846153846154,0.008833333333333334,,,,45.0,
Bulgaria,BGR,2018,False,Europe,False,216.0,,,87.96296,12.037040000000005,103.77358490566037,0.01053658536585366,,,,43.0,
Bulgaria,BGR,2019,False,Europe,False,236.0,,,76.27119,23.728809999999996,9.259259259259256,0.011346153846153846,,,,46.0,
Bulgaria,BGR,2020,False,Europe,False,181.0,,,77.34807,22.651929999999993,-23.305084745762716,0.006073825503355704,,,,53.0,
Bulgaria,BGR,2021,False,Europe,False,550.0,,,78.18182,21.818179999999998,203.86740331491714,0.008333333333333333,,,,51.0,
Bulgaria,BGR,2022,False,Europe,False,1140.0,,,87.7193,12.280699999999996,107.27272727272728,0.011176470588235295,,,,52.0,
Bulgaria,BGR,2023,False,Europe,False,2160.0,,,83.33333,16.666669999999996,89.4736842105263,0.015766423357664233,,,,50.0,
Bulgaria,BGR,2024,False,Europe,False,2170.0,,,78.34101,21.658990000000003,0.4629629629629539,0.012400000000000001,,,,56.0,
Bulgaria,BGR,2025,False,Europe,False,2970.0,,,80.80808,19.191919999999996,36.866359447004605,0.01400943396226415,,,,56.0,
Cambodia,KHM,2021,False,Asia-Pacific,False,42.0,,42.0,100.0,0.0,,0.0006363636363636363,,,,58.0,43.0
Cambodia,KHM,2022,False,Asia-Pacific,False,290.0,,340.0,100.0,0.0,590.4761904761905,0.0028431372549019606,,,,57.0,43.0
Cambodia,KHM,2023,False,Asia-Pacific,False,500.0,,830.0,100.0,0.0,72.41379310344827,0.0036496350364963507,,,,58.0,44.0
Cambodia,KHM,2024,False,Asia-Pacific,False,2230.0,,3130.0,98.65471,1.3452900000000056,346.0,0.012742857142857144,,,,55.0,45.0
Cambodia,KHM,2025,False,Asia-Pacific,False,4210.0,,7340.0,97.38717,2.6128300000000024,88.78923766816142,0.019858490566037737,,,,53.0,45.0
Canada,CAN,2011,False,Americas,True,520.0,0.041,550.0,42.30769,57.69231,,1.0612244897959184,Nascent (<1%),2021.0,-10.0,10.0,13.0
Canada,CAN,2012,False,Americas,True,1920.0,0.14,2430.0,32.29167,67.70832999999999,269.2307692307692,1.6134453781512605,Nascent (<1%),2021.0,-9.0,9.0,10.0
Canada,CAN,2013,False,Americas,True,3100.0,0.22,5500.0,51.6129,48.3871,61.45833333333333,1.5422885572139304,Nascent (<1%),2021.0,-8.0,9.0,9.0
Canada,CAN,2014,False,Americas,True,5100.0,0.35,10700.0,54.90196,45.09804,64.51612903225808,1.5454545454545454,Nascent (<1%),2021.0,-7.0,9.0,9.0
Canada,CAN,2015,False,Americas,True,6800.0,0.45,17600.0,64.70588,35.29412000000001,33.33333333333333,1.3076923076923077,Nascent (<1%),2021.0,-6.0,10.0,9.0
Canada,CAN,2016,False,Americas,True,11600.0,0.76,29000.0,44.82759,55.17241,70.58823529411764,1.4871794871794872,Nascent (<1%),2021.0,-5.0,10.0,9.0
Canada,CAN,2017,False,Americas,True,16700.0,1.0,47000.0,52.09581,47.90419,43.96551724137932,1.3916666666666668,Nascent (<1%),2021.0,-4.0,10.0,9.0
Canada,CAN,2018,False,Americas,True,44000.0,2.8,87000.0,52.27273,47.72727,163.47305389221555,2.1463414634146343,Early (1-5%),2021.0,-3.0,9.0,9.0
Canada,CAN,2019,False,Americas,True,51000.0,3.4,136000.0,62.7451,37.2549,15.909090909090917,2.451923076923077,Early (1-5%),2021.0,-2.0,8.0,9.0
Canada,CAN,2020,False,Americas,True,51000.0,4.2,212000.0,72.54902,27.45098,0.0,1.7114093959731544,Early (1-5%),2021.0,-1.0,10.0,9.0
Canada,CAN,2021,False,Americas,True,87000.0,6.4,300000.0,67.81609,32.18391,70.58823529411764,1.3181818181818181,Growth (5-20%),2021.0,0.0,11.0,9.0
Canada,CAN,2022,False,Americas,True,115000.0,9.5,410000.0,79.13043,20.869569999999996,32.18390804597702,1.1274509803921569,Growth (5-20%),2021.0,1.0,9.0,9.0
Canada,CAN,2023,False,Americas,True,171000.0,13.0,550000.0,76.02339,23.976609999999994,48.695652173913054,1.248175182481752,Growth (5-20%),2021.0,2.0,7.0,9.0
Canada,CAN,2024,False,Americas,True,252000.0,17.0,870000.0,75.39683,24.603170000000006,47.36842105263157,1.44,Growth (5-20%),2021.0,3.0,6.0,8.0
Canada,CAN,2025,False,Americas,True,168000.0,11.0,1030000.0,65.47619,34.52381,-33.333333333333336,0.7924528301886792,Growth (5-20%),2021.0,4.0,17.0,8.0
Chile,CHL,2011,False,Americas,False,6.0,0.0024,6.0,100.0,0.0,,0.012244897959183673,Nascent (<1%),,,26.0,26.0
Chile,CHL,2012,False,Americas,False,5.0,0.002,11.0,100.0,0.0,-16.666666666666664,0.004201680672268907,Nascent (<1%),,,33.0,31.0
Chile,CHL,2013,False,Americas,False,5.0,0.0019,16.0,100.0,0.0,0.0,0.0024875621890547263,Nascent (<1%),,,32.0,32.0
Chile,CHL,2014,False,Americas,False,19.0,0.0079,33.0,26.31579,73.68421000000001,280.0,0.005757575757575757,Nascent (<1%),,,33.0,34.0
Chile,CHL,2015,False,Americas,False,36.0,0.019,69.0,36.11111,63.88889,89.4736842105263,0.006923076923076924,Nascent (<1%),,,41.0,36.0
Chile,CHL,2016,False,Americas,False,31.0,0.015,100.0,70.96774,29.032259999999994,-13.888888888888884,0.0039743589743589745,Nascent (<1%),,,46.0,37.0
Chile,CHL,2017,False,Americas,False,135.0,0.064,231.0,88.88889,11.111109999999996,335.4838709677419,0.01125,Nascent (<1%),,,43.0,37.0
Chile,CHL,2018,False,Americas,False,198.0,0.08,410.0,65.65657,34.34343,46.66666666666666,0.009658536585365854,Nascent (<1%),,,44.0,38.0
Chile,CHL,2019,False,Americas,False,305.0,0.14,650.0,72.13115,27.868849999999995,54.04040404040404,0.01466346153846154,Nascent (<1%),,,44.0,39.0
Chile,CHL,2020,False,Americas,False,239.0,0.2,840.0,66.94561,33.05439,-21.63934426229508,0.00802013422818792,Nascent (<1%),,,52.0,39.0
Chile,CHL,2021,False,Americas,False,860.0,0.29,1410.0,65.11628,34.88372,259.8326359832636,0.013030303030303031,Nascent (<1%),,,48.0,40.0
Chile,CHL,2022,False,Americas,False,1770.0,0.6,2900.0,73.44633,26.553669999999997,105.8139534883721,0.01735294117647059,Nascent (<1%),,,48.0,40.0
Chile,CHL,2023,False,Americas,False,2110.0,0.75,5700.0,75.82938,24.17062,19.2090395480226,0.015401459854014598,Nascent (<1%),,,51.0,41.0
Chile,CHL,2024,False,Americas,False,5600.0,2.1,11300.0,80.35714,19.64286,165.4028436018957,0.032,Early (1-5%),,,45.0,41.0
Chile,CHL,2025,False,Americas,False,8700.0,4.0,20000.0,63.21839,36.78161,55.35714285714286,0.0410377358490566,Early (1-5%),,,47.0,41.0
China,CHN,2010,False,Asia-Pacific,True,1440.0,0.01,1940.0,76.38889,23.611109999999996,,19.328859060402685,Nascent (<1%),2019.0,-9.0,2.0,5.0
China,CHN,2011,False,Asia-Pacific,True,5120.0,0.034,6960.0,93.75,6.25,255.55555555555554,10.448979591836736,Nascent (<1%),2019.0,-8.0,3.0,4.0
China,CHN,2012,False,Asia-Pacific,True,9860.0,0.073,16920.0,97.36308,2.6369200000000035,92.578125,8.285714285714285,Nascent (<1%),2019.0,-7.0,3.0,4.0
China,CHN,2013,False,Asia-Pacific,True,15730.0,0.096,32600.0,95.35919,4.640810000000002,59.53346855983772,7.82587064676617,Nascent (<1%),2019.0,-6.0,4.0,4.0
China,CHN,2014,False,Asia-Pacific,True,74000.0,0.41,86000.0,67.56757,32.43243,370.4386522568341,22.424242424242426,Nascent (<1%),2019.0,-5.0,2.0,3.0
China,CHN,2015,False,Asia-Pacific,True,211000.0,1.1,297000.0,71.09005,28.909949999999995,185.13513513513513,40.57692307692308,Early (1-5%),2019.0,-4.0,1.0,2.0
China,CHN,2016,False,Asia-Pacific,True,339000.0,1.5,640000.0,76.69617,23.303830000000005,60.66350710900474,43.46153846153846,Early (1-5%),2019.0,-3.0,1.0,1.0
China,CHN,2017,False,Asia-Pacific,True,580000.0,2.4,1220000.0,81.03448,18.965519999999998,71.0914454277286,48.333333333333336,Early (1-5%),2019.0,-2.0,1.0,1.0
China,CHN,2018,False,Asia-Pacific,True,1090000.0,4.7,2240000.0,75.22936,24.77064,87.93103448275863,53.170731707317074,Early (1-5%),2019.0,-1.0,1.0,1.0
China,CHN,2019,False,Asia-Pacific,True,1070000.0,5.0,3360000.0,78.50467,21.495329999999996,-1.834862385321101,51.442307692307686,Early (1-5%),2019.0,0.0,1.0,1.0
China,CHN,2020,False,Asia-Pacific,True,1150000.0,5.7,4470000.0,80.86957,19.130430000000004,7.476635514018692,38.59060402684564,Growth (5-20%),2019.0,1.0,1.0,1.0
China,CHN,2021,False,Asia-Pacific,True,3250000.0,16.0,7700000.0,83.07692,16.92308,182.60869565217394,49.24242424242424,Growth (5-20%),2019.0,2.0,1.0,1.0
China,CHN,2022,False,Asia-Pacific,True,6000000.0,29.0,13000000.0,75.0,25.0,84.61538461538463,58.82352941176471,Mainstream (20-50%),2019.0,3.0,1.0,1.0
China,CHN,2023,False,Asia-Pacific,True,8200000.0,38.0,21500000.0,67.07317,32.926829999999995,36.66666666666667,59.854014598540154,Mainstream (20-50%),2019.0,4.0,1.0,1.0
China,CHN,2024,False,Asia-Pacific,True,11300000.0,48.0,32000000.0,56.63717,43.36283,37.80487804878048,64.57142857142857,Mainstream (20-50%),2019.0,5.0,1.0,1.0
China,CHN,2025,False,Asia-Pacific,True,13300000.0,53.0,44000000.0,61.65414,38.34586,17.699115044247794,62.735849056603776,Mature (>50%),2019.0,6.0,1.0,1.0
Colombia,COL,2011,False,Americas,False,1.0,,,100.0,0.0,,0.0020408163265306124,,,,30.0,
Colombia,COL,2012,False,Americas,False,26.0,,27.0,100.0,0.0,2500.0,0.021848739495798318,,,,29.0,28.0
Colombia,COL,2013,False,Americas,False,23.0,,50.0,95.65217,4.347830000000002,-11.538461538461542,0.011442786069651741,,,,29.0,29.0
Colombia,COL,2014,False,Americas,False,27.0,,77.0,100.0,0.0,17.391304347826097,0.008181818181818182,,,,32.0,30.0
Colombia,COL,2015,False,Americas,False,42.0,,124.0,92.85714,7.142859999999999,55.55555555555556,0.008076923076923077,,,,37.0,33.0
Colombia,COL,2016,False,Americas,False,53.0,,169.0,52.83019,47.16981,26.190476190476186,0.006794871794871795,,,,42.0,35.0
Colombia,COL,2017,False,Americas,False,148.0,,325.0,62.16216,37.83784,179.2452830188679,0.012333333333333333,,,,41.0,36.0
Colombia,COL,2018,False,Americas,False,570.0,,890.0,43.85965,56.14035,285.13513513513516,0.027804878048780488,,,,36.0,35.0
Colombia,COL,2019,False,Americas,False,1210.0,,2050.0,62.80992,37.19008,112.28070175438596,0.058173076923076925,,,,36.0,33.0
Colombia,COL,2020,False,Americas,False,1140.0,,3200.0,58.77193,41.22807,-5.785123966942152,0.03825503355704698,,,,39.0,35.0
Colombia,COL,2021,False,Americas,False,2540.0,,5800.0,33.07087,66.92913,122.80701754385963,0.03848484848484848,,,,38.0,35.0
Colombia,COL,2022,False,Americas,False,4300.0,,10100.0,44.18605,55.81395,69.29133858267717,0.042156862745098035,,,,39.0,35.0
Colombia,COL,2023,False,Americas,False,5600.0,,15600.0,64.28571,35.714290000000005,30.232558139534895,0.040875912408759124,,,,43.0,36.0
Colombia,COL,2024,False,Americas,False,13100.0,,28500.0,83.96947,16.03053,133.92857142857144,0.07485714285714286,,,,39.0,38.0
Colombia,COL,2025,False,Americas,False,21700.0,,49000.0,87.5576,12.442400000000006,65.64885496183206,0.10235849056603773,,,,37.0,38.0
Costa Rica,CRI,2015,False,Americas,False,12.0,,12.0,,,,0.0023076923076923075,,,,46.0,37.0
Costa Rica,CRI,2016,False,Americas,False,107.0,,119.0,20.56075,79.43925,791.6666666666666,0.013717948717948718,,,,35.0,36.0
Costa Rica,CRI,2017,False,Americas,False,34.0,,156.0,41.17647,58.82353,-68.22429906542055,0.002833333333333333,,,,49.0,39.0
Costa Rica,CRI,2018,False,Americas,False,284.0,,430.0,80.98592,19.014080000000007,735.2941176470589,0.013853658536585366,,,,40.0,37.0
Costa Rica,CRI,2019,False,Americas,False,381.0,,810.0,91.86352,8.136480000000006,34.1549295774648,0.018317307692307692,,,,39.0,37.0
Costa Rica,CRI,2020,False,Americas,False,606.0,,1420.0,97.35974,2.640259999999998,59.05511811023623,0.02033557046979866,,,,44.0,37.0
Costa Rica,CRI,2021,False,Americas,False,1130.0,,2550.0,88.49558,11.504419999999996,86.46864686468648,0.01712121212121212,,,,47.0,36.0
Costa Rica,CRI,2022,False,Americas,False,2661.0,,5210.0,97.70763,2.2923700000000053,135.4867256637168,0.026088235294117648,,,,44.0,38.0
Costa Rica,CRI,2023,False,Americas,False,6337.0,,11440.0,99.41613,0.5838700000000046,138.1435550544908,0.04625547445255474,,,,42.0,38.0
Costa Rica,CRI,2024,False,Americas,False,11062.0,,23510.0,99.43952,0.5604799999999983,74.56209562884646,0.06321142857142857,,,,42.0,39.0
Costa Rica,CRI,2025,False,Americas,False,12190.0,,34700.0,98.44135,1.55865,10.197071054058938,0.057499999999999996,,,,43.0,40.0
Croatia,HRV,2019,False,Europe,False,257.0,,,73.92996,26.070040000000006,,0.012355769230769231,,,,45.0,
Croatia,HRV,2020,False,Europe,False,670.0,,,79.10448,20.895520000000005,160.70038910505838,0.02248322147651007,,,,42.0,
Croatia,HRV,2021,False,Europe,False,1800.0,,,77.77778,22.222219999999993,168.65671641791047,0.027272727272727275,,,,42.0,
Croatia,HRV,2022,False,Europe,False,2240.0,,,62.5,37.5,24.444444444444446,0.02196078431372549,,,,46.0,
Croatia,HRV,2023,False,Europe,False,2590.0,,,61.77606,38.22394,15.625,0.018905109489051095,,,,49.0,
Croatia,HRV,2024,False,Europe,False,3200.0,,,56.25,43.75,23.55212355212355,0.018285714285714287,,,,51.0,
Croatia,HRV,2025,False,Europe,False,3800.0,,,34.21053,65.78947,18.75,0.017924528301886792,,,,54.0,
Cyprus,CYP,2019,False,Europe,False,23.0,,,100.0,0.0,,0.001105769230769231,,,,55.0,
Cyprus,CYP,2020,False,Europe,False,125.0,,,33.6,66.4,443.47826086956525,0.0041946308724832215,,,,54.0,
Cyprus,CYP,2021,False,Europe,False,182.0,,,46.15385,53.84615,45.599999999999994,0.0027575757575757573,,,,55.0,
Cyprus,CYP,2022,False,Europe,False,630.0,,,63.49206,36.50794,246.15384615384616,0.006176470588235294,,,,54.0,
Cyprus,CYP,2023,False,Europe,False,1300.0,,,60.76923,39.23077,106.34920634920637,0.009489051094890512,,,,55.0,
Cyprus,CYP,2024,False,Europe,False,1860.0,,,64.51613,35.483869999999996,43.07692307692308,0.01062857142857143,,,,59.0,
Cyprus,CYP,2025,False,Europe,False,2270.0,,,66.0793,33.9207,22.043010752688176,0.01070754716981132,,,,58.0,
Czechia,CZE,2015,False,Europe,True,300.0,,,100.0,0.0,,0.057692307692307696,,,,25.0,
Czechia,CZE,2016,False,Europe,True,200.0,,,100.0,0.0,-33.333333333333336,0.02564102564102564,,,,30.0,
Czechia,CZE,2017,False,Europe,True,390.0,,,100.0,0.0,95.0,0.0325,,,,34.0,
Czechia,CZE,2018,False,Europe,True,980.0,,,71.42857,28.571430000000007,151.28205128205127,0.04780487804878049,,,,31.0,
Czechia,CZE,2019,False,Europe,True,1230.0,,,61.78862,38.21138,25.510204081632647,0.05913461538461539,,,,35.0,
Czechia,CZE,2020,False,Europe,True,5300.0,,,62.26415,37.73585,330.8943089430894,0.17785234899328858,,,,27.0,
Czechia,CZE,2021,False,Europe,True,6400.0,,,42.1875,57.8125,20.75471698113207,0.09696969696969697,,,,33.0,
Czechia,CZE,2022,False,Europe,True,7500.0,,,52.0,48.0,17.1875,0.07352941176470588,,,,37.0,
Czechia,CZE,2023,False,Europe,True,12000.0,,,55.83333,44.16667,60.00000000000001,0.0875912408759124,,,,37.0,
Czechia,CZE,2024,False,Europe,True,15800.0,,,69.62025,30.37975,31.666666666666664,0.09028571428571429,,,,37.0,
Czechia,CZE,2025,False,Europe,True,25000.0,,,56.0,44.0,58.22784810126582,0.1179245283018868,,,,36.0,
Denmark,DNK,2010,False,Europe,False,,,79.0,,,,,,2020.0,-10.0,,13.0
Denmark,DNK,2011,False,Europe,False,422.0,0.25,500.0,99.52607,0.47392999999999574,,0.8612244897959185,Nascent (<1%),2020.0,-9.0,12.0,14.0
Denmark,DNK,2012,False,Europe,False,502.0,0.29,1214.0,97.60956,2.390439999999998,18.957345971563978,0.42184873949579826,Nascent (<1%),2020.0,-8.0,16.0,13.0
Denmark,DNK,2013,False,Europe,False,510.0,0.28,1514.0,98.03922,1.9607799999999997,1.5936254980079667,0.2537313432835821,Nascent (<1%),2020.0,-7.0,17.0,17.0
Denmark,DNK,2014,False,Europe,False,1690.0,0.91,3000.0,94.67456,5.32544,231.37254901960787,0.5121212121212121,Nascent (<1%),2020.0,-6.0,15.0,17.0
Denmark,DNK,2015,False,Europe,False,4720.0,2.3,8470.0,91.10169,8.898309999999995,179.28994082840237,0.9076923076923076,Early (1-5%),2020.0,-5.0,12.0,12.0
Denmark,DNK,2016,False,Europe,False,1870.0,0.85,9800.0,69.51872,30.481279999999998,-60.3813559322034,0.23974358974358975,Nascent (<1%),2020.0,-4.0,17.0,15.0
Denmark,DNK,2017,False,Europe,False,1330.0,0.6,10600.0,53.38346,46.61654,-28.877005347593588,0.11083333333333334,Nascent (<1%),2020.0,-3.0,24.0,17.0
Denmark,DNK,2018,False,Europe,False,4600.0,2.1,15200.0,32.6087,67.3913,245.86466165413535,0.224390243902439,Early (1-5%),2020.0,-2.0,22.0,19.0
Denmark,DNK,2019,False,Europe,False,9400.0,4.2,25900.0,58.51064,41.48936,104.34782608695654,0.4519230769230769,Early (1-5%),2020.0,-1.0,19.0,19.0
Denmark,DNK,2020,False,Europe,False,32000.0,16.0,62000.0,43.75,56.25,240.4255319148936,1.0738255033557047,Growth (5-20%),2020.0,0.0,15.0,16.0
Denmark,DNK,2021,False,Europe,False,65000.0,35.0,145000.0,38.46154,61.53846,103.125,0.9848484848484848,Mainstream (20-50%),2020.0,1.0,14.0,15.0
Denmark,DNK,2022,False,Europe,False,57000.0,38.0,210000.0,54.38596,45.61404,-12.307692307692308,0.5588235294117647,Mainstream (20-50%),2020.0,2.0,16.0,15.0
Denmark,DNK,2023,False,Europe,False,80000.0,46.0,310000.0,78.75,21.25,40.35087719298245,0.583941605839416,Mainstream (20-50%),2020.0,3.0,18.0,15.0
Denmark,DNK,2024,False,Europe,False,96100.0,56.0,460000.0,92.61186,7.388140000000007,20.124999999999993,0.5491428571428572,Mature (>50%),2020.0,4.0,18.0,14.0
Denmark,DNK,2025,False,Europe,False,134700.0,71.0,670000.0,96.51076,3.4892399999999952,40.16649323621229,0.6353773584905661,Mature (>50%),2020.0,5.0,19.0,14.0
Estonia,EST,2015,False,Europe,False,34.0,,,100.0,0.0,,0.006538461538461539,,,,42.0,
Estonia,EST,2016,False,Europe,False,35.0,,,100.0,0.0,2.941176470588225,0.004487179487179488,,,,45.0,
Estonia,EST,2017,False,Europe,False,46.0,,,56.52174,43.47826,31.428571428571427,0.0038333333333333336,,,,47.0,
Estonia,EST,2018,False,Europe,False,118.0,,,72.0339,27.966099999999997,156.52173913043475,0.00575609756097561,,,,48.0,
Estonia,EST,2019,False,Europe,False,97.0,,,82.47423,17.525769999999994,-17.796610169491522,0.004663461538461538,,,,52.0,
Estonia,EST,2020,False,Europe,False,415.0,,,81.92771,18.072289999999995,327.83505154639175,0.013926174496644295,,,,46.0,
Estonia,EST,2021,False,Europe,False,720.0,,,66.66667,33.333330000000004,73.49397590361446,0.01090909090909091,,,,50.0,
Estonia,EST,2022,False,Europe,False,1160.0,,,62.93103,37.06897,61.111111111111114,0.011372549019607842,,,,51.0,
Estonia,EST,2023,False,Europe,False,1960.0,,,71.42857,28.571430000000007,68.96551724137932,0.014306569343065694,,,,54.0,
Estonia,EST,2024,False,Europe,False,2600.0,,,50.0,50.0,32.65306122448979,0.014857142857142857,,,,54.0,
Estonia,EST,2025,False,Europe,False,2270.0,,,38.32599,61.67401,-12.692307692307692,0.01070754716981132,,,,58.0,
Europe,OWID_EUR,2010,True,,False,1810.0,0.012,29000.0,93.92265,6.077349999999996,,,Nascent (<1%),2020.0,-10.0,,
Europe,OWID_EUR,2011,True,,False,11410.0,0.074,48000.0,96.40666,3.5933399999999978,530.3867403314916,,Nascent (<1%),2020.0,-9.0,,
Europe,OWID_EUR,2012,True,,False,28200.0,0.2,76000.0,67.37589,32.62411,147.15162138475023,,Nascent (<1%),2020.0,-8.0,,
Europe,OWID_EUR,2013,True,,False,59000.0,0.43,131000.0,55.9322,44.0678,109.21985815602837,,Nascent (<1%),2020.0,-7.0,,
Europe,OWID_EUR,2014,True,,False,96000.0,0.68,218000.0,64.58333,35.416669999999996,62.71186440677967,,Nascent (<1%),2020.0,-6.0,,
Europe,OWID_EUR,2015,True,,False,162000.0,1.0,410000.0,54.93827,45.06173,68.75,,Nascent (<1%),2020.0,-5.0,,
Europe,OWID_EUR,2016,True,,False,233000.0,1.4,600000.0,39.91416,60.08584,43.82716049382716,,Early (1-5%),2020.0,-4.0,,
Europe,OWID_EUR,2017,True,,False,320000.0,1.8,870000.0,43.75,56.25,37.33905579399141,,Early (1-5%),2020.0,-3.0,,
Europe,OWID_EUR,2018,True,,False,390000.0,2.3,1240000.0,51.28205,48.71795,21.875,,Early (1-5%),2020.0,-2.0,,
Europe,OWID_EUR,2019,True,,False,570000.0,3.4,1750000.0,63.15789,36.84211,46.153846153846146,,Early (1-5%),2020.0,-1.0,,
Europe,OWID_EUR,2020,True,,False,1380000.0,10.0,3100000.0,54.34783,45.65217,142.10526315789474,,Growth (5-20%),2020.0,0.0,,
Europe,OWID_EUR,2021,True,,False,2300000.0,17.0,5400000.0,52.17391,47.82609,66.66666666666667,,Growth (5-20%),2020.0,1.0,,
Europe,OWID_EUR,2022,True,,False,2600000.0,21.0,7800000.0,61.53846,38.46154,13.043478260869556,,Mainstream (20-50%),2020.0,2.0,,
Europe,OWID_EUR,2023,True,,False,3200000.0,22.0,11200000.0,68.75,31.25,23.076923076923084,,Mainstream (20-50%),2020.0,3.0,,
Europe,OWID_EUR,2024,True,,False,3190000.0,21.0,13500000.0,68.96552,31.034480000000002,-0.31250000000000444,,Mainstream (20-50%),2020.0,4.0,,
Europe,OWID_EUR,2025,True,,False,4300000.0,28.0,17100000.0,67.44186,32.558139999999995,34.7962382445141,,Mainstream (20-50%),2020.0,5.0,,
European Union (27),OWID_EU27,2010,True,,False,1191.0,0.01,24100.0,92.35936,7.640640000000005,,,Nascent (<1%),2020.0,-10.0,,
European Union (27),OWID_EU27,2011,True,,False,7460.0,0.066,40000.0,95.17426,4.825739999999996,526.3643996641478,,Nascent (<1%),2020.0,-9.0,,
European Union (27),OWID_EU27,2012,True,,False,19500.0,0.19,60000.0,61.53846,38.46154,161.39410187667562,,Nascent (<1%),2020.0,-8.0,,
European Union (27),OWID_EU27,2013,True,,False,45000.0,0.47,103000.0,46.66667,53.33333,130.76923076923075,,Nascent (<1%),2020.0,-7.0,,
European Union (27),OWID_EU27,2014,True,,False,57000.0,0.56,157000.0,57.89474,42.10526,26.66666666666666,,Nascent (<1%),2020.0,-6.0,,
European Union (27),OWID_EU27,2015,True,,False,92000.0,0.82,270000.0,53.26087,46.73913,61.403508771929815,,Nascent (<1%),2020.0,-5.0,,
European Union (27),OWID_EU27,2016,True,,False,140000.0,1.1,380000.0,38.57143,61.42857,52.17391304347827,,Early (1-5%),2020.0,-4.0,,
European Union (27),OWID_EU27,2017,True,,False,185000.0,1.5,530000.0,45.94595,54.05405,32.14285714285714,,Early (1-5%),2020.0,-3.0,,
European Union (27),OWID_EU27,2018,True,,False,250000.0,1.9,750000.0,56.0,44.0,35.13513513513513,,Early (1-5%),2020.0,-2.0,,
European Union (27),OWID_EU27,2019,True,,False,390000.0,2.9,1090000.0,64.10256,35.89744,56.00000000000001,,Early (1-5%),2020.0,-1.0,,
European Union (27),OWID_EU27,2020,True,,False,1050000.0,10.0,2100000.0,51.42857,48.57143,169.23076923076925,,Growth (5-20%),2020.0,0.0,,
European Union (27),OWID_EU27,2021,True,,False,1760000.0,18.0,3900000.0,50.56818,49.43182,67.61904761904762,,Growth (5-20%),2020.0,1.0,,
European Union (27),OWID_EU27,2022,True,,False,1980000.0,21.0,5700000.0,55.55556,44.44444,12.5,,Mainstream (20-50%),2020.0,2.0,,
European Union (27),OWID_EU27,2023,True,,False,2420000.0,22.0,8100000.0,66.1157,33.884299999999996,22.222222222222232,,Mainstream (20-50%),2020.0,3.0,,
European Union (27),OWID_EU27,2024,True,,False,2270000.0,21.0,9700000.0,66.0793,33.9207,-6.198347107438018,,Mainstream (20-50%),2020.0,4.0,,
European Union (27),OWID_EU27,2025,True,,False,2900000.0,27.0,12000000.0,65.51724,34.48276,27.753303964757702,,Mainstream (20-50%),2020.0,5.0,,
Finland,FIN,2010,False,Europe,False,,,23.0,,,,,,2019.0,-9.0,,17.0
Finland,FIN,2011,False,Europe,False,30.0,0.025,56.0,100.0,0.0,,0.061224489795918366,Nascent (<1%),2019.0,-8.0,22.0,21.0
Finland,FIN,2012,False,Europe,False,181.0,0.17,240.0,28.1768,71.8232,503.3333333333333,0.15210084033613444,Nascent (<1%),2019.0,-7.0,21.0,23.0
Finland,FIN,2013,False,Europe,False,220.0,0.21,470.0,22.72727,77.27273,21.54696132596685,0.10945273631840796,Nascent (<1%),2019.0,-6.0,21.0,23.0
Finland,FIN,2014,False,Europe,False,440.0,0.41,930.0,40.90909,59.09091,100.0,0.13333333333333333,Nascent (<1%),2019.0,-5.0,20.0,23.0
Finland,FIN,2015,False,Europe,False,660.0,0.6,1580.0,36.36364,63.63636,50.0,0.12692307692307692,Nascent (<1%),2019.0,-4.0,20.0,23.0
Finland,FIN,2016,False,Europe,False,1420.0,1.2,3240.0,15.49296,84.50704,115.15151515151514,0.18205128205128204,Early (1-5%),2019.0,-3.0,20.0,21.0
Finland,FIN,2017,False,Europe,False,3100.0,2.6,7100.0,16.12903,83.87097,118.3098591549296,0.2583333333333333,Early (1-5%),2019.0,-2.0,20.0,21.0
Finland,FIN,2018,False,Europe,False,5680.0,4.7,15400.0,13.73239,86.26761,83.22580645161291,0.27707317073170734,Early (1-5%),2019.0,-1.0,20.0,18.0
Finland,FIN,2019,False,Europe,False,7900.0,6.9,29700.0,24.05063,75.94937,39.08450704225353,0.3798076923076923,Growth (5-20%),2019.0,0.0,21.0,18.0
Finland,FIN,2020,False,Europe,False,17200.0,18.0,55700.0,24.4186,75.5814,117.72151898734178,0.5771812080536912,Growth (5-20%),2019.0,1.0,19.0,18.0
Finland,FIN,2021,False,Europe,False,30000.0,31.0,100000.0,33.33333,66.66667000000001,74.4186046511628,0.45454545454545453,Mainstream (20-50%),2019.0,2.0,18.0,18.0
Finland,FIN,2022,False,Europe,False,31000.0,38.0,145000.0,48.3871,51.6129,3.3333333333333437,0.303921568627451,Mainstream (20-50%),2019.0,3.0,22.0,18.0
Finland,FIN,2023,False,Europe,False,48000.0,54.0,224000.0,62.5,37.5,54.83870967741935,0.3503649635036496,Mature (>50%),2019.0,4.0,25.0,17.0
Finland,FIN,2024,False,Europe,False,37000.0,50.0,290000.0,59.45946,40.54054,-22.916666666666664,0.21142857142857144,Mainstream (20-50%),2019.0,5.0,28.0,18.0
Finland,FIN,2025,False,Europe,False,42000.0,57.0,350000.0,64.28571,35.714290000000005,13.513513513513509,0.1981132075471698,Mature (>50%),2019.0,6.0,31.0,23.0
France,FRA,2010,False,Europe,True,272.0,0.012,19460.0,69.85294,30.147059999999996,,3.6510067114093956,Nascent (<1%),2020.0,-10.0,6.0,1.0
France,FRA,2011,False,Europe,True,2656.0,0.12,30100.0,97.89157,2.1084299999999985,876.4705882352941,5.420408163265306,Nascent (<1%),2020.0,-9.0,4.0,1.0
France,FRA,2012,False,Europe,True,6360.0,0.33,38500.0,89.62264,10.377359999999996,139.4578313253012,5.344537815126051,Nascent (<1%),2020.0,-8.0,4.0,3.0
France,FRA,2013,False,Europe,True,9750.0,0.53,46000.0,91.28205,8.717950000000002,53.30188679245283,4.850746268656716,Nascent (<1%),2020.0,-7.0,5.0,3.0
France,FRA,2014,False,Europe,True,13100.0,0.69,56000.0,83.96947,16.03053,34.35897435897435,3.9696969696969697,Nascent (<1%),2020.0,-6.0,8.0,4.0
France,FRA,2015,False,Europe,True,23800.0,1.2,77000.0,75.63025,24.369749999999996,81.6793893129771,4.576923076923077,Early (1-5%),2020.0,-5.0,6.0,5.0
France,FRA,2016,False,Europe,True,30600.0,1.4,104000.0,75.1634,24.836600000000004,28.57142857142858,3.923076923076923,Early (1-5%),2020.0,-4.0,6.0,6.0
France,FRA,2017,False,Europe,True,38000.0,1.7,137000.0,68.42105,31.578950000000006,24.183006535947715,3.166666666666667,Early (1-5%),2020.0,-3.0,7.0,5.0
France,FRA,2018,False,Europe,True,48000.0,2.0,177000.0,68.75,31.25,26.315789473684205,2.341463414634146,Early (1-5%),2020.0,-2.0,8.0,6.0
France,FRA,2019,False,Europe,True,64000.0,2.7,225000.0,70.3125,29.6875,33.33333333333333,3.076923076923077,Early (1-5%),2020.0,-1.0,7.0,7.0
France,FRA,2020,False,Europe,True,185000.0,11.0,410000.0,59.45946,40.54054,189.0625,6.208053691275168,Growth (5-20%),2020.0,0.0,4.0,5.0
France,FRA,2021,False,Europe,True,310000.0,17.0,710000.0,54.83871,45.16129,67.56756756756756,4.696969696969696,Growth (5-20%),2020.0,1.0,4.0,4.0
France,FRA,2022,False,Europe,True,340000.0,20.0,1040000.0,61.76471,38.23529,9.677419354838701,3.3333333333333335,Growth (5-20%),2020.0,2.0,5.0,4.0
France,FRA,2023,False,Europe,True,470000.0,25.0,1470000.0,65.95745,34.042550000000006,38.23529411764706,3.43065693430657,Mainstream (20-50%),2020.0,3.0,4.0,5.0
France,FRA,2024,False,Europe,True,450000.0,24.0,1910000.0,66.66667,33.333330000000004,-4.255319148936165,2.571428571428571,Mainstream (20-50%),2020.0,4.0,5.0,5.0
France,FRA,2025,False,Europe,True,450000.0,26.0,2210000.0,75.55556,24.44444,0.0,2.1226415094339623,Mainstream (20-50%),2020.0,5.0,5.0,5.0
Germany,DEU,2010,False,Europe,True,140.0,0.0049,250.0,100.0,0.0,,1.8791946308724832,Nascent (<1%),2020.0,-10.0,8.0,12.0
Germany,DEU,2011,False,Europe,True,1640.0,0.052,1840.0,85.36585,14.634150000000005,1071.4285714285713,3.346938775510204,Nascent (<1%),2020.0,-9.0,6.0,7.0
Germany,DEU,2012,False,Europe,True,3400.0,0.11,5300.0,64.70588,35.29412000000001,107.31707317073172,2.857142857142857,Nascent (<1%),2020.0,-8.0,7.0,7.0
Germany,DEU,2013,False,Europe,True,6800.0,0.23,12200.0,76.47059,23.52941,100.0,3.383084577114428,Nascent (<1%),2020.0,-7.0,7.0,7.0
Germany,DEU,2014,False,Europe,True,13500.0,0.45,25400.0,67.40741,32.59259,98.52941176470588,4.090909090909091,Nascent (<1%),2020.0,-6.0,7.0,7.0
Germany,DEU,2015,False,Europe,True,23000.0,0.73,45000.0,52.17391,47.82609,70.37037037037037,4.423076923076923,Nascent (<1%),2020.0,-5.0,7.0,8.0
Germany,DEU,2016,False,Europe,True,24000.0,0.74,66000.0,45.83333,54.16667,4.347826086956519,3.076923076923077,Nascent (<1%),2020.0,-4.0,8.0,8.0
Germany,DEU,2017,False,Europe,True,54000.0,1.6,104000.0,46.2963,53.7037,125.0,4.5,Early (1-5%),2020.0,-3.0,4.0,8.0
Germany,DEU,2018,False,Europe,True,67000.0,2.0,165000.0,53.73134,46.26866,24.07407407407407,3.2682926829268295,Early (1-5%),2020.0,-2.0,4.0,7.0
Germany,DEU,2019,False,Europe,True,108000.0,3.0,240000.0,58.33333,41.66667,61.19402985074627,5.1923076923076925,Early (1-5%),2020.0,-1.0,3.0,6.0
Germany,DEU,2020,False,Europe,True,390000.0,14.0,610000.0,48.71795,51.28205,261.11111111111114,13.087248322147651,Growth (5-20%),2020.0,0.0,2.0,3.0
Germany,DEU,2021,False,Europe,True,690000.0,26.0,1250000.0,52.17391,47.82609,76.92307692307692,10.454545454545453,Mainstream (20-50%),2020.0,1.0,2.0,3.0
Germany,DEU,2022,False,Europe,True,830000.0,31.0,1860000.0,56.62651,43.37349,20.28985507246377,8.137254901960784,Mainstream (20-50%),2020.0,2.0,3.0,3.0
Germany,DEU,2023,False,Europe,True,700000.0,24.0,2500000.0,74.28571,25.714290000000005,-15.662650602409634,5.109489051094891,Mainstream (20-50%),2020.0,3.0,3.0,3.0
Germany,DEU,2024,False,Europe,True,570000.0,20.0,2670000.0,66.66667,33.333330000000004,-18.571428571428573,3.257142857142857,Growth (5-20%),2020.0,4.0,3.0,3.0
Germany,DEU,2025,False,Europe,True,860000.0,30.0,3100000.0,63.95349,36.04651,50.877192982456144,4.056603773584905,Mainstream (20-50%),2020.0,5.0,3.0,3.0
Greece,GRC,2013,False,Europe,False,3.0,0.0051,3.0,100.0,0.0,,0.0014925373134328358,Nascent (<1%),2021.0,-8.0,33.0,34.0
Greece,GRC,2014,False,Europe,False,39.0,0.055,42.0,100.0,0.0,1200.0,0.011818181818181818,Nascent (<1%),2021.0,-7.0,31.0,33.0
Greece,GRC,2015,False,Europe,False,57.0,0.076,119.0,61.40351,38.59649,46.153846153846146,0.010961538461538462,Nascent (<1%),2021.0,-6.0,35.0,34.0
Greece,GRC,2016,False,Europe,False,97.0,0.12,218.0,42.26804,57.73196,70.17543859649122,0.012435897435897438,Nascent (<1%),2021.0,-5.0,36.0,34.0
Greece,GRC,2017,False,Europe,False,190.0,0.22,410.0,26.31579,73.68421000000001,95.8762886597938,0.01583333333333333,Nascent (<1%),2021.0,-4.0,38.0,34.0
Greece,GRC,2018,False,Europe,False,298.0,0.29,720.0,29.5302,70.46979999999999,56.84210526315789,0.014536585365853658,Nascent (<1%),2021.0,-3.0,38.0,36.0
Greece,GRC,2019,False,Europe,False,480.0,0.42,1200.0,39.58333,60.41667,61.07382550335569,0.023076923076923075,Nascent (<1%),2021.0,-2.0,38.0,36.0
Greece,GRC,2020,False,Europe,False,2180.0,2.7,3300.0,31.19266,68.80734,354.1666666666667,0.07315436241610739,Early (1-5%),2021.0,-1.0,34.0,34.0
Greece,GRC,2021,False,Europe,False,7000.0,6.9,10300.0,31.42857,68.57142999999999,221.10091743119264,0.10606060606060608,Growth (5-20%),2021.0,0.0,31.0,30.0
Greece,GRC,2022,False,Europe,False,8300.0,7.9,19400.0,33.73494,66.26506,18.571428571428573,0.08137254901960785,Growth (5-20%),2021.0,1.0,35.0,30.0
Greece,GRC,2023,False,Europe,False,17000.0,13.0,34000.0,41.17647,58.82353,104.81927710843375,0.12408759124087593,Growth (5-20%),2021.0,2.0,31.0,33.0
Greece,GRC,2024,False,Europe,False,17000.0,12.0,45000.0,51.17647,48.82353,0.0,0.09714285714285714,Growth (5-20%),2021.0,3.0,35.0,35.0
Greece,GRC,2025,False,Europe,False,20900.0,14.0,59000.0,42.58373,57.41627,22.941176470588243,0.09858490566037735,Growth (5-20%),2021.0,4.0,38.0,36.0
Hungary,HUN,2015,False,Europe,False,135.0,,,88.88889,11.111109999999996,,0.02596153846153846,,,,30.0,
Hungary,HUN,2016,False,Europe,False,340.0,,,50.0,50.0,151.85185185185185,0.04358974358974359,,,,29.0,
Hungary,HUN,2017,False,Europe,False,1190.0,,,63.02521,36.97479,250.0,0.09916666666666668,,,,26.0,
Hungary,HUN,2018,False,Europe,False,2070.0,,,62.80193,37.19807,73.94957983193278,0.10097560975609757,,,,26.0,
Hungary,HUN,2019,False,Europe,False,2900.0,,,62.06897,37.93103,40.09661835748793,0.13942307692307693,,,,26.0,
Hungary,HUN,2020,False,Europe,False,6000.0,,,50.0,50.0,106.89655172413795,0.20134228187919465,,,,25.0,
Hungary,HUN,2021,False,Europe,False,8500.0,,,50.58824,49.41176,41.66666666666667,0.12878787878787878,,,,30.0,
Hungary,HUN,2022,False,Europe,False,9600.0,,,48.95833,51.04167,12.941176470588234,0.09411764705882353,,,,33.0,
Hungary,HUN,2023,False,Europe,False,11300.0,,,51.32743,48.67257,17.708333333333325,0.08248175182481753,,,,38.0,
Hungary,HUN,2024,False,Europe,False,14300.0,,,60.13986,39.86014,26.54867256637168,0.08171428571428571,,,,38.0,
Hungary,HUN,2025,False,Europe,False,18100.0,,,60.77348,39.22652,26.573426573426584,0.08537735849056605,,,,40.0,
Iceland,ISL,2010,False,Europe,False,,,14.0,,,,,,2016.0,-6.0,,18.0
Iceland,ISL,2011,False,Europe,False,,,14.0,,,,,,2016.0,-5.0,,24.0
Iceland,ISL,2012,False,Europe,False,26.0,0.33,40.0,65.38462,34.61538,,0.021848739495798318,Nascent (<1%),2016.0,-4.0,29.0,27.0
Iceland,ISL,2013,False,Europe,False,103.0,1.4,142.0,77.6699,22.3301,296.1538461538462,0.05124378109452736,Early (1-5%),2016.0,-3.0,24.0,25.0
Iceland,ISL,2014,False,Europe,False,229.0,2.4,292.0,87.33624,12.663759999999996,122.33009708737863,0.0693939393939394,Early (1-5%),2016.0,-2.0,23.0,25.0
Iceland,ISL,2015,False,Europe,False,560.0,3.9,710.0,69.64286,30.35714,144.54148471615719,0.10769230769230768,Early (1-5%),2016.0,-1.0,22.0,26.0
Iceland,ISL,2016,False,Europe,False,1160.0,6.3,1560.0,32.75862,67.24137999999999,107.14285714285717,0.14871794871794872,Growth (5-20%),2016.0,0.0,22.0,26.0
Iceland,ISL,2017,False,Europe,False,3040.0,14.0,3900.0,27.63158,72.36842,162.06896551724137,0.2533333333333333,Growth (5-20%),2016.0,1.0,21.0,24.0
Iceland,ISL,2018,False,Europe,False,3680.0,20.0,8000.0,21.19565,78.80435,21.052631578947366,0.1795121951219512,Growth (5-20%),2016.0,2.0,24.0,24.0
Iceland,ISL,2019,False,Europe,False,3100.0,26.0,11000.0,35.48387,64.51613,-15.760869565217394,0.14903846153846154,Mainstream (20-50%),2016.0,3.0,25.0,24.0
Iceland,ISL,2020,False,Europe,False,4900.0,52.0,15000.0,51.02041,48.97959,58.06451612903225,0.16442953020134227,Mature (>50%),2016.0,4.0,29.0,25.0
Iceland,ISL,2021,False,Europe,False,9100.0,70.0,21500.0,46.15385,53.84615,85.71428571428572,0.13787878787878788,Mature (>50%),2016.0,5.0,27.0,26.0
Iceland,ISL,2022,False,Europe,False,12000.0,69.0,33000.0,57.5,42.5,31.868131868131865,0.1176470588235294,Mature (>50%),2016.0,6.0,29.0,28.0
Iceland,ISL,2023,False,Europe,False,12400.0,71.0,44000.0,80.64516,19.354839999999996,3.3333333333333437,0.09051094890510948,Mature (>50%),2016.0,7.0,36.0,29.0
Iceland,ISL,2024,False,Europe,False,5000.0,43.0,49000.0,62.0,38.0,-59.67741935483871,0.028571428571428574,Mainstream (20-50%),2016.0,8.0,47.0,34.0
Iceland,ISL,2025,False,Europe,False,10200.0,62.0,64000.0,66.66667,33.333330000000004,104.0,0.048113207547169815,Mature (>50%),2016.0,9.0,45.0,34.0
India,IND,2010,False,Asia-Pacific,True,450.0,0.021,880.0,100.0,0.0,,6.0402684563758395,Nascent (<1%),,,4.0,7.0
India,IND,2011,False,Asia-Pacific,True,1400.0,0.057,1300.0,100.0,0.0,211.11111111111111,2.857142857142857,Nascent (<1%),,,7.0,8.0
India,IND,2012,False,Asia-Pacific,True,190.0,0.0073,2800.0,100.0,0.0,-86.42857142857143,0.15966386554621848,Nascent (<1%),,,20.0,9.0
India,IND,2013,False,Asia-Pacific,True,410.0,0.016,2900.0,100.0,0.0,115.78947368421053,0.20398009950248755,Nascent (<1%),,,19.0,10.0
India,IND,2014,False,Asia-Pacific,True,1000.0,0.038,3400.0,100.0,0.0,143.90243902439025,0.30303030303030304,Nascent (<1%),,,19.0,16.0
India,IND,2015,False,Asia-Pacific,True,450.0,0.017,4400.0,100.0,0.0,-55.00000000000001,0.08653846153846154,Nascent (<1%),,,24.0,18.0
India,IND,2016,False,Asia-Pacific,True,730.0,0.026,4800.0,100.0,0.0,62.22222222222222,0.09358974358974359,Nascent (<1%),,,24.0,19.0
India,IND,2017,False,Asia-Pacific,True,920.0,0.031,7000.0,100.0,0.0,26.027397260273965,0.07666666666666667,Nascent (<1%),,,29.0,22.0
India,IND,2018,False,Asia-Pacific,True,920.0,0.03,7900.0,100.0,0.0,0.0,0.0448780487804878,Nascent (<1%),,,33.0,25.0
India,IND,2019,False,Asia-Pacific,True,687.0,0.024,8607.0,98.98108,1.0189199999999943,-25.326086956521742,0.03302884615384616,Nascent (<1%),,,37.0,25.0
India,IND,2020,False,Asia-Pacific,True,3143.0,0.12,12050.0,98.63188,1.3681200000000047,357.49636098981074,0.1054697986577181,Nascent (<1%),,,32.0,26.0
India,IND,2021,False,Asia-Pacific,True,12050.0,0.41,23100.0,99.58506,0.4149400000000014,283.39166401527206,0.18257575757575759,Nascent (<1%),,,25.0,25.0
India,IND,2022,False,Asia-Pacific,True,48023.0,1.4,72120.0,99.95211,0.047889999999995325,298.5311203319502,0.47081372549019607,Early (1-5%),,,17.0,22.0
India,IND,2023,False,Asia-Pacific,True,82270.0,2.1,150390.0,99.67181,0.3281900000000064,71.31374549694938,0.6005109489051095,Early (1-5%),,,17.0,22.0
India,IND,2024,False,Asia-Pacific,True,92095.0,2.1,240480.0,99.89685,0.10314999999999941,11.942384830436371,0.5262571428571429,Early (1-5%),,,19.0,20.0
India,IND,2025,False,Asia-Pacific,True,170100.0,4.0,410000.0,99.94121,0.058790000000001896,84.70058092187416,0.8023584905660377,Early (1-5%),,,16.0,18.0
Indonesia,IDN,2011,False,Asia-Pacific,True,2.0,,,100.0,0.0,,0.004081632653061225,,,,29.0,
Indonesia,IDN,2013,False,Asia-Pacific,True,2.0,,,100.0,0.0,0.0,0.0009950248756218905,,,,34.0,
Indonesia,IDN,2017,False,Asia-Pacific,True,27.0,,,,,1250.0,0.0022500000000000003,,,,51.0,
Indonesia,IDN,2018,False,Asia-Pacific,True,2.0,,,,,-92.5925925925926,9.756097560975609e-05,,,,53.0,
Indonesia,IDN,2019,False,Asia-Pacific,True,91.0,,49.0,31.86813,68.13186999999999,4450.0,0.0043749999999999995,,,,53.0,41.0
Indonesia,IDN,2020,False,Asia-Pacific,True,363.0,,396.0,93.66391,6.336089999999999,298.9010989010989,0.012181208053691276,,,,48.0,41.0
Indonesia,IDN,2021,False,Asia-Pacific,True,761.0,,1761.0,95.92641,4.073589999999996,109.64187327823693,0.01153030303030303,,,,49.0,38.0
Indonesia,IDN,2022,False,Asia-Pacific,True,11079.0,,12140.0,99.28694,0.7130599999999987,1355.8475689881736,0.10861764705882354,,,,31.0,32.0
Indonesia,IDN,2023,False,Asia-Pacific,True,17160.0,,29390.0,99.0676,0.9324000000000012,54.88762523693473,0.12525547445255475,,,,30.0,34.0
Indonesia,IDN,2024,False,Asia-Pacific,True,49150.0,,78540.0,99.69481,0.3051899999999961,186.4219114219114,0.28085714285714286,,,,26.0,30.0
Indonesia,IDN,2025,False,Asia-Pacific,True,115300.0,,185800.0,95.4033,4.5966999999999985,134.587995930824,0.5438679245283019,,,,21.0,29.0
Ireland,IRL,2015,False,Europe,False,590.0,,,79.66102,20.338980000000006,,0.11346153846153845,,,,21.0,
Ireland,IRL,2016,False,Europe,False,690.0,,,56.52174,43.47826,16.94915254237288,0.08846153846153847,,,,25.0,
Ireland,IRL,2017,False,Europe,False,950.0,,,65.26316,34.73684,37.681159420289845,0.07916666666666666,,,,28.0,
Ireland,IRL,2018,False,Europe,False,1940.0,,,61.85567,38.14433,104.21052631578948,0.09463414634146342,,,,27.0,
Ireland,IRL,2019,False,Europe,False,4700.0,,,72.34043,27.659570000000002,142.26804123711338,0.22596153846153846,,,,24.0,
Ireland,IRL,2020,False,Europe,False,6500.0,,,61.53846,38.46154,38.29787234042554,0.2181208053691275,,,,24.0,
Ireland,IRL,2021,False,Europe,False,16500.0,,,52.12121,47.87879,153.84615384615384,0.25,,,,22.0,
Ireland,IRL,2022,False,Europe,False,23700.0,,,67.51055,32.489450000000005,43.636363636363626,0.2323529411764706,,,,25.0,
Ireland,IRL,2023,False,Europe,False,33000.0,,,69.69697,30.303030000000007,39.240506329113934,0.24087591240875914,,,,26.0,
Ireland,IRL,2024,False,Europe,False,30000.0,,,56.66667,43.33333,-9.090909090909093,0.17142857142857143,,,,30.0,
Ireland,IRL,2025,False,Europe,False,43000.0,,,55.81395,44.18605,43.333333333333336,0.2028301886792453,,,,30.0,
Israel,ISR,2010,False,Middle East,False,,,6.0,,,,,,2021.0,-11.0,,20.0
Israel,ISR,2011,False,Middle East,False,3.0,0.0013,85.0,100.0,0.0,,0.006122448979591836,Nascent (<1%),2021.0,-10.0,27.0,20.0
Israel,ISR,2012,False,Middle East,False,601.0,0.27,611.0,99.83361,0.16639000000000692,19933.333333333336,0.5050420168067227,Nascent (<1%),2021.0,-9.0,13.0,20.0
Israel,ISR,2013,False,Middle East,False,477.0,0.21,1018.0,96.43606,3.5639400000000023,-20.63227953410982,0.2373134328358209,Nascent (<1%),2021.0,-8.0,18.0,20.0
Israel,ISR,2014,False,Middle East,False,58.0,0.022,1270.0,10.34483,89.65517,-87.84067085953879,0.017575757575757574,Nascent (<1%),2021.0,-7.0,28.0,22.0
Israel,ISR,2015,False,Middle East,False,68.0,0.024,1340.0,4.411765,95.588235,17.24137931034482,0.013076923076923078,Nascent (<1%),2021.0,-6.0,34.0,24.0
Israel,ISR,2016,False,Middle East,False,68.0,0.022,1400.0,7.352941,92.647059,0.0,0.008717948717948718,Nascent (<1%),2021.0,-5.0,38.0,27.0
Israel,ISR,2017,False,Middle East,False,1630.0,0.52,3100.0,7.97546,92.02454,2297.0588235294117,0.13583333333333333,Nascent (<1%),2021.0,-4.0,23.0,25.0
Israel,ISR,2018,False,Middle East,False,3730.0,1.2,6800.0,3.485255,96.514745,128.83435582822088,0.18195121951219512,Early (1-5%),2021.0,-3.0,23.0,26.0
Israel,ISR,2019,False,Middle East,False,4750.0,1.6,11400.0,17.89474,82.10526,27.345844504021443,0.22836538461538464,Early (1-5%),2021.0,-2.0,23.0,23.0
Israel,ISR,2020,False,Middle East,False,6900.0,2.6,18800.0,21.73913,78.26087,45.26315789473685,0.2315436241610738,Early (1-5%),2021.0,-1.0,22.0,23.0
Israel,ISR,2021,False,Middle East,False,24000.0,6.9,43000.0,45.83333,54.16667,247.82608695652172,0.36363636363636365,Growth (5-20%),2021.0,0.0,20.0,21.0
Israel,ISR,2022,False,Middle East,False,43000.0,12.0,88000.0,62.7907,37.2093,79.16666666666667,0.42156862745098034,Growth (5-20%),2021.0,1.0,19.0,20.0
Israel,ISR,2023,False,Middle East,False,65000.0,17.0,151000.0,75.38462,24.615380000000002,51.162790697674424,0.4744525547445255,Growth (5-20%),2021.0,2.0,21.0,21.0
Israel,ISR,2024,False,Middle East,False,76400.0,19.0,228000.0,90.31414,9.685860000000005,17.538461538461547,0.4365714285714286,Growth (5-20%),2021.0,3.0,21.0,22.0
Israel,ISR,2025,False,Middle East,False,90000.0,21.0,310000.0,61.11111,38.88889,17.801047120418858,0.42452830188679247,Mainstream (20-50%),2021.0,4.0,23.0,25.0
Italy,ITA,2010,False,Europe,True,40.0,0.002,650.0,100.0,0.0,,0.5369127516778524,Nascent (<1%),2021.0,-11.0,13.0,9.0
Italy,ITA,2011,False,Europe,True,110.0,0.0065,760.0,100.0,0.0,175.0,0.22448979591836735,Nascent (<1%),2021.0,-10.0,18.0,12.0
Italy,ITA,2012,False,Europe,True,460.0,0.033,1200.0,100.0,0.0,318.1818181818182,0.3865546218487395,Nascent (<1%),2021.0,-9.0,17.0,14.0
Italy,ITA,2013,False,Europe,True,1040.0,0.08,2180.0,82.69231,17.307689999999994,126.08695652173911,0.5174129353233831,Nascent (<1%),2021.0,-8.0,12.0,14.0
Italy,ITA,2014,False,Europe,True,1340.0,0.1,3620.0,74.62687,25.373130000000003,28.846153846153854,0.40606060606060607,Nascent (<1%),2021.0,-7.0,16.0,14.0
Italy,ITA,2015,False,Europe,True,2240.0,0.14,5700.0,66.96429,33.035709999999995,67.16417910447761,0.43076923076923074,Nascent (<1%),2021.0,-6.0,16.0,16.0
Italy,ITA,2016,False,Europe,True,2700.0,0.15,8500.0,51.85185,48.14815,20.535714285714278,0.34615384615384615,Nascent (<1%),2021.0,-5.0,16.0,17.0
Italy,ITA,2017,False,Europe,True,4900.0,0.25,13400.0,40.81633,59.18367,81.4814814814815,0.40833333333333327,Nascent (<1%),2021.0,-4.0,17.0,16.0
Italy,ITA,2018,False,Europe,True,9700.0,0.5,23000.0,51.54639,48.45361,97.95918367346938,0.47317073170731705,Nascent (<1%),2021.0,-3.0,14.0,16.0
Italy,ITA,2019,False,Europe,True,17500.0,0.88,40000.0,62.85714,37.14286,80.41237113402062,0.8413461538461539,Nascent (<1%),2021.0,-2.0,13.0,15.0
Italy,ITA,2020,False,Europe,True,60000.0,4.2,99000.0,55.0,45.0,242.85714285714283,2.013422818791946,Early (1-5%),2021.0,-1.0,9.0,13.0
Italy,ITA,2021,False,Europe,True,138000.0,9.1,230000.0,48.55072,51.44928,129.99999999999997,2.090909090909091,Growth (5-20%),2021.0,0.0,7.0,12.0
Italy,ITA,2022,False,Europe,True,114000.0,8.5,350000.0,42.98246,57.01754,-17.391304347826086,1.1176470588235294,Growth (5-20%),2021.0,1.0,10.0,12.0
Italy,ITA,2023,False,Europe,True,136000.0,9.2,490000.0,48.52941,51.47059,19.298245614035082,0.9927007299270074,Growth (5-20%),2021.0,2.0,11.0,11.0
Italy,ITA,2024,False,Europe,True,118000.0,7.5,570000.0,55.9322,44.0678,-13.235294117647056,0.6742857142857143,Growth (5-20%),2021.0,3.0,13.0,13.0
Italy,ITA,2025,False,Europe,True,193000.0,13.0,690000.0,49.2228,50.7772,63.55932203389831,0.9103773584905661,Growth (5-20%),2021.0,4.0,10.0,13.0
Japan,JPN,2010,False,Asia-Pacific,True,2400.0,0.058,3500.0,100.0,0.0,,32.21476510067114,Nascent (<1%),,,1.0,3.0
Japan,JPN,2011,False,Asia-Pacific,True,13015.0,0.31,16015.0,99.88475,0.11525000000000318,442.2916666666667,26.56122448979592,Nascent (<1%),,,2.0,3.0
Japan,JPN,2012,False,Asia-Pacific,True,24000.0,0.53,41000.0,54.16667,45.83333,84.40261237034193,20.168067226890756,Nascent (<1%),,,2.0,2.0
Japan,JPN,2013,False,Asia-Pacific,True,29000.0,0.63,69000.0,51.72414,48.27586,20.833333333333325,14.427860696517413,Nascent (<1%),,,2.0,2.0
Japan,JPN,2014,False,Asia-Pacific,True,32000.0,0.69,111000.0,50.0,50.0,10.344827586206895,9.696969696969697,Nascent (<1%),,,3.0,2.0
Japan,JPN,2015,False,Asia-Pacific,True,24000.0,0.58,134000.0,41.66667,58.33333,-25.0,4.615384615384616,Nascent (<1%),,,5.0,3.0
Japan,JPN,2016,False,Asia-Pacific,True,24400.0,0.6,153000.0,61.47541,38.52459,1.6666666666666607,3.128205128205128,Nascent (<1%),,,7.0,3.0
Japan,JPN,2017,False,Asia-Pacific,True,54000.0,1.2,200000.0,33.33333,66.66667000000001,121.31147540983606,4.5,Early (1-5%),,,4.0,3.0
Japan,JPN,2018,False,Asia-Pacific,True,50000.0,1.1,230000.0,54.0,46.0,-7.4074074074074066,2.4390243902439024,Early (1-5%),,,7.0,4.0
Japan,JPN,2019,False,Asia-Pacific,True,39000.0,0.9,260000.0,53.84615,46.15385,-21.999999999999996,1.875,Nascent (<1%),,,10.0,4.0
Japan,JPN,2020,False,Asia-Pacific,True,30000.0,0.77,300000.0,50.0,50.0,-23.076923076923073,1.006711409395973,Nascent (<1%),,,16.0,7.0
Japan,JPN,2021,False,Asia-Pacific,True,45000.0,1.2,340000.0,48.88889,51.11111,50.0,0.6818181818181818,Early (1-5%),,,17.0,8.0
Japan,JPN,2022,False,Asia-Pacific,True,97000.0,2.8,410000.0,60.82474,39.17526,115.55555555555554,0.9509803921568628,Early (1-5%),,,12.0,9.0
Japan,JPN,2023,False,Asia-Pacific,True,140000.0,3.5,540000.0,62.85714,37.14286,44.329896907216494,1.0218978102189782,Early (1-5%),,,10.0,10.0
Japan,JPN,2024,False,Asia-Pacific,True,103000.0,2.8,620000.0,58.25243,41.74757,-26.428571428571423,0.5885714285714285,Early (1-5%),,,17.0,10.0
Japan,JPN,2025,False,Asia-Pacific,True,102000.0,3.0,720000.0,59.80392,40.19608,-0.9708737864077666,0.48113207547169806,Early (1-5%),,,22.0,12.0
Jordan,JOR,2017,False,Middle East,False,217.0,,217.0,73.73272,26.26728,,0.018083333333333333,,,,35.0,38.0
Jordan,JOR,2018,False,Middle East,False,195.0,,410.0,51.28205,48.71795,-10.138248847926267,0.00951219512195122,,,,45.0,38.0
Jordan,JOR,2019,False,Middle East,False,380.0,,790.0,65.78947,34.210530000000006,94.87179487179486,0.01826923076923077,,,,40.0,38.0
Jordan,JOR,2020,False,Middle East,False,354.0,,1150.0,76.27119,23.728809999999996,-6.842105263157894,0.011879194630872484,,,,49.0,38.0
Jordan,JOR,2021,False,Middle East,False,1240.0,,2410.0,88.70968,11.290319999999994,250.28248587570624,0.018787878787878787,,,,45.0,37.0
Jordan,JOR,2022,False,Middle East,False,1500.0,,3920.0,93.33333,6.666669999999996,20.967741935483875,0.014705882352941175,,,,49.0,39.0
Jordan,JOR,2023,False,Middle East,False,2091.0,,6010.0,95.64802,4.3519799999999975,39.39999999999999,0.015262773722627737,,,,52.0,40.0
Jordan,JOR,2024,False,Middle East,False,5472.0,,11780.0,98.68421,1.315790000000007,161.69296987087515,0.03126857142857143,,,,46.0,40.0
Jordan,JOR,2025,False,Middle East,False,2941.0,,14820.0,98.60592,1.3940800000000024,-46.25365497076024,0.013872641509433962,,,,57.0,42.0
Laos,LAO,2022,False,Asia-Pacific,False,180.0,,180.0,100.0,0.0,,0.001764705882352941,,,,58.0,44.0
Laos,LAO,2023,False,Asia-Pacific,False,560.0,,740.0,100.0,0.0,211.11111111111111,0.004087591240875913,,,,57.0,45.0
Laos,LAO,2024,False,Asia-Pacific,False,2630.0,,3330.0,91.25475,8.745249999999999,369.6428571428571,0.01502857142857143,,,,53.0,44.0
Laos,LAO,2025,False,Asia-Pacific,False,6150.0,,9480.0,91.05691,8.943089999999998,133.8403041825095,0.02900943396226415,,,,51.0,43.0
Latvia,LVA,2015,False,Europe,False,26.0,,,65.38462,34.61538,,0.005,,,,43.0,
Latvia,LVA,2016,False,Europe,False,40.0,,,55.0,45.0,53.846153846153854,0.005128205128205128,,,,43.0,
Latvia,LVA,2017,False,Europe,False,40.0,,,55.0,45.0,0.0,0.0033333333333333335,,,,48.0,
Latvia,LVA,2018,False,Europe,False,90.0,,,81.11111,18.888890000000004,125.0,0.004390243902439024,,,,49.0,
Latvia,LVA,2019,False,Europe,False,98.0,,,87.7551,12.244900000000001,8.888888888888879,0.0047115384615384615,,,,51.0,
Latvia,LVA,2020,False,Europe,False,383.0,,,80.93995,19.060050000000004,290.81632653061223,0.012852348993288592,,,,47.0,
Latvia,LVA,2021,False,Europe,False,550.0,,,74.54545,25.454549999999998,43.603133159268936,0.008333333333333333,,,,51.0,
Latvia,LVA,2022,False,Europe,False,1400.0,,,78.57143,21.428569999999993,154.54545454545453,0.013725490196078431,,,,50.0,
Latvia,LVA,2023,False,Europe,False,2050.0,,,82.92683,17.073170000000005,46.428571428571416,0.014963503649635036,,,,53.0,
Latvia,LVA,2024,False,Europe,False,2100.0,,,61.90476,38.09524,2.4390243902439046,0.012,,,,57.0,
Latvia,LVA,2025,False,Europe,False,4300.0,,,37.2093,62.7907,104.76190476190474,0.020283018867924527,,,,52.0,
Lithuania,LTU,2015,False,Europe,False,37.0,,,100.0,0.0,,0.007115384615384615,,,,38.0,
Lithuania,LTU,2016,False,Europe,False,64.0,,,100.0,0.0,72.97297297297298,0.008205128205128205,,,,39.0,
Lithuania,LTU,2017,False,Europe,False,52.0,,,100.0,0.0,-18.75,0.004333333333333333,,,,46.0,
Lithuania,LTU,2018,False,Europe,False,140.0,,,100.0,0.0,169.23076923076925,0.006829268292682927,,,,47.0,
Lithuania,LTU,2019,False,Europe,False,160.0,,,100.0,0.0,14.28571428571428,0.007692307692307693,,,,50.0,
Lithuania,LTU,2020,False,Europe,False,450.0,,,100.0,0.0,181.25,0.015100671140939596,,,,45.0,
Lithuania,LTU,2021,False,Europe,False,1600.0,,,75.0,25.0,255.55555555555554,0.024242424242424242,,,,43.0,
Lithuania,LTU,2022,False,Europe,False,2070.0,,,67.63285,32.367149999999995,29.374999999999996,0.020294117647058824,,,,47.0,
Lithuania,LTU,2023,False,Europe,False,3200.0,,,65.625,34.375,54.589371980676326,0.023357664233576644,,,,48.0,
Lithuania,LTU,2024,False,Europe,False,3500.0,,,51.42857,48.57143,9.375,0.02,,,,50.0,
Lithuania,LTU,2025,False,Europe,False,7600.0,,,42.10526,57.89474,117.14285714285712,0.035849056603773584,,,,50.0,
Luxembourg,LUX,2019,False,Europe,False,1900.0,,,52.10526,47.89474,,0.09134615384615384,,,,30.0,
Luxembourg,LUX,2020,False,Europe,False,5200.0,,,48.07692,51.92308,173.6842105263158,0.174496644295302,,,,28.0,
Luxembourg,LUX,2021,False,Europe,False,9000.0,,,51.11111,48.88889,73.07692307692308,0.13636363636363638,,,,28.0,
Luxembourg,LUX,2022,False,Europe,False,10200.0,,,62.7451,37.2549,13.33333333333333,0.1,,,,32.0,
Luxembourg,LUX,2023,False,Europe,False,15800.0,,,69.62025,30.37975,54.90196078431373,0.11532846715328468,,,,34.0,
Luxembourg,LUX,2024,False,Europe,False,16800.0,,,77.38095,22.61905,6.329113924050622,0.096,,,,36.0,
Luxembourg,LUX,2025,False,Europe,False,16700.0,,,77.84431,22.155690000000007,-0.5952380952380931,0.07877358490566037,,,,41.0,
Malaysia,MYS,2012,False,Asia-Pacific,False,10.0,,26.0,100.0,0.0,,0.008403361344537815,,,,31.0,29.0
Malaysia,MYS,2013,False,Asia-Pacific,False,2.0,,14.0,100.0,0.0,-80.0,0.0009950248756218905,,,,34.0,33.0
Malaysia,MYS,2014,False,Asia-Pacific,False,15.0,,27.0,100.0,0.0,650.0,0.004545454545454545,,,,34.0,35.0
Malaysia,MYS,2015,False,Asia-Pacific,False,37.0,,79.0,100.0,0.0,146.66666666666669,0.007115384615384615,,,,38.0,35.0
Malaysia,MYS,2016,False,Asia-Pacific,False,110.0,,1832.0,100.0,0.0,197.2972972972973,0.014102564102564101,,,,34.0,25.0
Malaysia,MYS,2017,False,Asia-Pacific,False,8240.0,,8325.0,1.699029,98.300971,7390.909090909091,0.6866666666666666,,,,14.0,19.0
Malaysia,MYS,2018,False,Asia-Pacific,False,8062.0,,9311.0,0.7690399,99.2309601,-2.1601941747572795,0.39326829268292685,,,,19.0,22.0
Malaysia,MYS,2019,False,Asia-Pacific,False,2542.0,,6652.0,1.652242,98.347758,-68.46936244108161,0.12221153846153847,,,,28.0,27.0
Malaysia,MYS,2020,False,Asia-Pacific,False,667.0,,7340.0,13.04348,86.95652,-73.76081825334381,0.02238255033557047,,,,43.0,29.0
Malaysia,MYS,2021,False,Asia-Pacific,False,1250.0,,8630.0,23.2,76.8,87.40629685157421,0.01893939393939394,,,,44.0,31.0
Malaysia,MYS,2022,False,Asia-Pacific,False,3200.0,,11700.0,40.625,59.375,156.0,0.03137254901960784,,,,41.0,33.0
Malaysia,MYS,2023,False,Asia-Pacific,False,11100.0,,35000.0,82.88288,17.11712,246.875,0.08102189781021897,,,,39.0,32.0
Malaysia,MYS,2024,False,Asia-Pacific,False,23300.0,,59000.0,94.4206,5.579400000000007,109.9099099099099,0.13314285714285715,,,,33.0,32.0
Malaysia,MYS,2025,False,Asia-Pacific,False,54500.0,,113000.0,89.90826,10.091740000000001,133.90557939914163,0.25707547169811323,,,,29.0,32.0
Mexico,MEX,2011,False,Americas,True,3.0,0.0004,3.0,100.0,0.0,,0.006122448979591836,Nascent (<1%),2025.0,-14.0,27.0,27.0
Mexico,MEX,2012,False,Americas,True,88.0,0.01,91.0,100.0,0.0,2833.333333333333,0.07394957983193277,Nascent (<1%),2025.0,-13.0,23.0,24.0
Mexico,MEX,2013,False,Americas,True,12.0,0.0013,100.0,100.0,0.0,-86.36363636363636,0.005970149253731343,Nascent (<1%),2025.0,-12.0,31.0,26.0
Mexico,MEX,2014,False,Americas,True,48.0,0.005,150.0,100.0,0.0,300.0,0.014545454545454545,Nascent (<1%),2025.0,-11.0,30.0,27.0
Mexico,MEX,2015,False,Americas,True,99.0,0.0086,247.0,92.92929,7.070710000000005,106.25,0.01903846153846154,Nascent (<1%),2025.0,-10.0,31.0,31.0
Mexico,MEX,2016,False,Americas,True,770.0,0.056,1030.0,32.46753,67.53247,677.7777777777777,0.09871794871794873,Nascent (<1%),2025.0,-9.0,23.0,28.0
Mexico,MEX,2017,False,Americas,True,1200.0,0.091,2230.0,19.16667,80.83333,55.84415584415585,0.1,Nascent (<1%),2025.0,-8.0,25.0,28.0
Mexico,MEX,2018,False,Americas,True,1800.0,0.15,4030.0,11.11111,88.88889,50.0,0.0878048780487805,Nascent (<1%),2025.0,-7.0,28.0,27.0
Mexico,MEX,2019,False,Americas,True,1690.0,0.15,5600.0,17.15976,82.84024,-6.111111111111112,0.08125,Nascent (<1%),2025.0,-6.0,31.0,28.0
Mexico,MEX,2020,False,Americas,True,3800.0,0.49,9500.0,47.36842,52.63158,124.85207100591715,0.12751677852348992,Nascent (<1%),2025.0,-5.0,30.0,27.0
Mexico,MEX,2021,False,Americas,True,6500.0,0.78,16000.0,46.15385,53.84615,71.05263157894737,0.0984848484848485,Nascent (<1%),2025.0,-4.0,32.0,29.0
Mexico,MEX,2022,False,Americas,True,8400.0,0.96,24000.0,52.38095,47.61905,29.230769230769237,0.08235294117647059,Nascent (<1%),2025.0,-3.0,34.0,29.0
Mexico,MEX,2023,False,Americas,True,16100.0,1.5,41000.0,86.95652,13.043480000000002,91.66666666666667,0.11751824817518247,Early (1-5%),2025.0,-2.0,33.0,30.0
Mexico,MEX,2024,False,Americas,True,27200.0,2.2,67000.0,73.52941,26.47059,68.944099378882,0.15542857142857142,Early (1-5%),2025.0,-1.0,31.0,31.0
Mexico,MEX,2025,False,Americas,True,90000.0,7.0,158000.0,41.11111,58.88889,230.88235294117646,0.42452830188679247,Growth (5-20%),2025.0,0.0,23.0,30.0
Nepal,NPL,2021,False,Asia-Pacific,False,1153.0,,,95.4033,4.5966999999999985,,0.017469696969696972,,,,46.0,
Nepal,NPL,2022,False,Asia-Pacific,False,2596.0,,,96.302,3.6979999999999933,125.15177797051172,0.02545098039215686,,,,45.0,
Nepal,NPL,2023,False,Asia-Pacific,False,7491.0,,,98.78521,1.2147899999999936,188.55932203389833,0.05467883211678832,,,,41.0,
Nepal,NPL,2024,False,Asia-Pacific,False,12054.0,,,99.55202,0.44798000000000116,60.91309571485783,0.06888000000000001,,,,41.0,
Nepal,NPL,2025,False,Asia-Pacific,False,13063.0,,,99.51772,0.48228000000000293,8.37066533930646,0.061617924528301886,,,,42.0,
Netherlands,NLD,2010,False,Europe,False,120.0,0.025,281.0,100.0,0.0,,1.6107382550335572,Nascent (<1%),2013.0,-3.0,9.0,11.0
Netherlands,NLD,2011,False,Europe,False,877.0,0.16,1126.0,98.06157,1.9384299999999968,630.8333333333334,1.789795918367347,Nascent (<1%),2013.0,-2.0,9.0,9.0
Netherlands,NLD,2012,False,Europe,False,5090.0,1.0,6300.0,15.52063,84.47937,480.38768529076395,4.277310924369748,Nascent (<1%),2013.0,-1.0,5.0,6.0
Netherlands,NLD,2013,False,Europe,False,22600.0,5.5,28200.0,11.50442,88.49558,344.00785854616896,11.243781094527364,Growth (5-20%),2013.0,0.0,3.0,5.0
Netherlands,NLD,2014,False,Europe,False,14700.0,3.9,43800.0,18.36735,81.63265,-34.95575221238938,4.454545454545455,Early (1-5%),2013.0,1.0,5.0,5.0
Netherlands,NLD,2015,False,Europe,False,15400.0,3.5,88400.0,22.07792,77.92208,4.761904761904767,2.9615384615384617,Early (1-5%),2013.0,2.0,8.0,4.0
Netherlands,NLD,2016,False,Europe,False,43000.0,11.0,112000.0,9.302326,90.697674,179.2207792207792,5.512820512820513,Growth (5-20%),2013.0,3.0,4.0,5.0
Netherlands,NLD,2017,False,Europe,False,26000.0,6.4,118000.0,30.76923,69.23077,-39.53488372093024,2.166666666666667,Growth (5-20%),2013.0,4.0,8.0,7.0
Netherlands,NLD,2018,False,Europe,False,27600.0,6.2,143000.0,86.95652,13.043480000000002,6.153846153846154,1.3463414634146342,Growth (5-20%),2013.0,5.0,11.0,8.0
Netherlands,NLD,2019,False,Europe,False,66500.0,15.0,207000.0,91.72932,8.270679999999999,140.94202898550722,3.197115384615384,Growth (5-20%),2013.0,6.0,6.0,8.0
Netherlands,NLD,2020,False,Europe,False,87000.0,25.0,290000.0,82.75862,17.241380000000007,30.827067669172937,2.919463087248322,Mainstream (20-50%),2013.0,7.0,8.0,8.0
Netherlands,NLD,2021,False,Europe,False,94000.0,29.0,390000.0,67.02128,32.978719999999996,8.045977011494255,1.4242424242424243,Mainstream (20-50%),2013.0,8.0,9.0,7.0
Netherlands,NLD,2022,False,Europe,False,107000.0,35.0,530000.0,68.2243,31.7757,13.829787234042556,1.0490196078431373,Mainstream (20-50%),2013.0,9.0,11.0,7.0
Netherlands,NLD,2023,False,Europe,False,156000.0,44.0,730000.0,70.51282,29.487179999999995,45.79439252336448,1.1386861313868613,Mainstream (20-50%),2013.0,10.0,9.0,7.0
Netherlands,NLD,2024,False,Europe,False,182000.0,48.0,980000.0,71.42857,28.571430000000007,16.666666666666675,1.04,Mainstream (20-50%),2013.0,11.0,8.0,7.0
Netherlands,NLD,2025,False,Europe,False,228000.0,58.0,1200000.0,70.17544,29.824560000000005,25.274725274725274,1.0754716981132075,Mature (>50%),2013.0,12.0,8.0,6.0
New Zealand,NZL,2010,False,Asia-Pacific,False,10.0,0.015,14.0,100.0,0.0,,0.1342281879194631,Nascent (<1%),2018.0,-8.0,16.0,18.0
New Zealand,NZL,2011,False,Asia-Pacific,False,15.0,0.022,29.0,86.66667,13.333330000000004,50.0,0.030612244897959183,Nascent (<1%),2018.0,-7.0,23.0,23.0
New Zealand,NZL,2012,False,Asia-Pacific,False,27.0,0.033,56.0,81.48148,18.518519999999995,80.0,0.0226890756302521,Nascent (<1%),2018.0,-6.0,28.0,26.0
New Zealand,NZL,2013,False,Asia-Pacific,False,36.0,0.041,92.0,83.33333,16.666669999999996,33.33333333333333,0.01791044776119403,Nascent (<1%),2018.0,-5.0,27.0,27.0
New Zealand,NZL,2014,False,Asia-Pacific,False,320.0,0.34,410.0,34.375,65.625,788.8888888888889,0.09696969696969697,Nascent (<1%),2018.0,-4.0,21.0,24.0
New Zealand,NZL,2015,False,Asia-Pacific,False,500.0,0.6,910.0,60.0,40.0,56.25,0.09615384615384616,Nascent (<1%),2018.0,-3.0,23.0,25.0
New Zealand,NZL,2016,False,Asia-Pacific,False,1540.0,1.7,2360.0,77.92208,22.077920000000006,208.0,0.19743589743589746,Early (1-5%),2018.0,-2.0,19.0,23.0
New Zealand,NZL,2017,False,Asia-Pacific,False,3440.0,3.4,5900.0,84.30233,15.697670000000002,123.37662337662336,0.2866666666666667,Early (1-5%),2018.0,-1.0,19.0,23.0
New Zealand,NZL,2018,False,Asia-Pacific,False,5600.0,5.0,11400.0,78.57143,21.428569999999993,62.7906976744186,0.27317073170731704,Early (1-5%),2018.0,0.0,21.0,20.0
New Zealand,NZL,2019,False,Asia-Pacific,False,6900.0,6.8,17400.0,76.81159,23.188410000000005,23.214285714285722,0.3317307692307692,Growth (5-20%),2018.0,1.0,22.0,22.0
New Zealand,NZL,2020,False,Asia-Pacific,False,5400.0,6.6,22900.0,72.22222,27.777780000000007,-21.739130434782606,0.18120805369127516,Growth (5-20%),2018.0,2.0,26.0,22.0
New Zealand,NZL,2021,False,Asia-Pacific,False,10300.0,9.4,35400.0,66.01942,33.98058,90.74074074074075,0.15606060606060604,Growth (5-20%),2018.0,3.0,26.0,23.0
New Zealand,NZL,2022,False,Asia-Pacific,False,28200.0,24.0,65000.0,67.37589,32.62411,173.7864077669903,0.27647058823529413,Mainstream (20-50%),2018.0,4.0,23.0,23.0
New Zealand,NZL,2023,False,Asia-Pacific,False,30000.0,27.0,92000.0,70.0,30.0,6.382978723404253,0.21897810218978103,Mainstream (20-50%),2018.0,5.0,28.0,26.0
New Zealand,NZL,2024,False,Asia-Pacific,False,9700.0,11.0,113000.0,64.94845,35.051550000000006,-67.66666666666667,0.05542857142857143,Growth (5-20%),2018.0,6.0,44.0,28.0
New Zealand,NZL,2025,False,Asia-Pacific,False,11600.0,12.0,128000.0,58.62069,41.37931,19.58762886597938,0.05471698113207547,Growth (5-20%),2018.0,7.0,44.0,31.0
Norway,NOR,2010,False,Europe,False,360.0,0.28,2702.0,100.0,0.0,,4.832214765100671,Nascent (<1%),2013.0,-3.0,5.0,4.0
Norway,NOR,2011,False,Europe,False,2000.0,1.4,3903.0,100.0,0.0,455.55555555555554,4.081632653061225,Early (1-5%),2013.0,-2.0,5.0,5.0
Norway,NOR,2012,False,Europe,False,4220.0,3.1,8340.0,92.41706,7.582939999999994,110.99999999999999,3.546218487394958,Early (1-5%),2013.0,-1.0,6.0,5.0
Norway,NOR,2013,False,Europe,False,8240.0,5.8,15660.0,95.87379,4.12621,95.260663507109,4.099502487562189,Growth (5-20%),2013.0,0.0,6.0,6.0
Norway,NOR,2014,False,Europe,False,21700.0,15.0,35300.0,92.1659,7.8341000000000065,163.3495145631068,6.575757575757575,Growth (5-20%),2013.0,1.0,4.0,6.0
Norway,NOR,2015,False,Europe,False,33900.0,22.0,69000.0,76.69617,23.303830000000005,56.22119815668203,6.519230769230769,Mainstream (20-50%),2013.0,2.0,3.0,6.0
Norway,NOR,2016,False,Europe,False,45000.0,29.0,114000.0,53.33333,46.66667,32.74336283185841,5.769230769230769,Mainstream (20-50%),2013.0,3.0,3.0,4.0
Norway,NOR,2017,False,Europe,False,62000.0,39.0,180000.0,53.22581,46.77419,37.77777777777778,5.166666666666667,Mainstream (20-50%),2013.0,4.0,3.0,4.0
Norway,NOR,2018,False,Europe,False,73000.0,49.0,247000.0,63.0137,36.9863,17.741935483870975,3.560975609756097,Mainstream (20-50%),2013.0,5.0,3.0,3.0
Norway,NOR,2019,False,Europe,False,79000.0,56.0,330000.0,75.94937,24.050629999999998,8.219178082191792,3.798076923076923,Mature (>50%),2013.0,6.0,4.0,3.0
Norway,NOR,2020,False,Europe,False,106000.0,75.0,490000.0,72.64151,27.358490000000003,34.17721518987342,3.557046979865772,Mature (>50%),2013.0,7.0,6.0,4.0
Norway,NOR,2021,False,Europe,False,148000.0,86.0,630000.0,74.32432,25.67568,39.622641509433954,2.242424242424242,Mature (>50%),2013.0,8.0,6.0,6.0
Norway,NOR,2022,False,Europe,False,156000.0,89.0,790000.0,89.74359,10.256410000000002,5.405405405405395,1.5294117647058825,Mature (>50%),2013.0,9.0,7.0,6.0
Norway,NOR,2023,False,Europe,False,110000.0,90.0,900000.0,90.90909,9.090909999999994,-29.487179487179482,0.8029197080291971,Mature (>50%),2013.0,10.0,14.0,6.0
Norway,NOR,2024,False,Europe,False,113500.0,92.0,1000000.0,96.9163,3.0836999999999932,3.1818181818181746,0.6485714285714286,Mature (>50%),2013.0,11.0,15.0,6.0
Norway,NOR,2025,False,Europe,False,172800.0,97.0,1060000.0,98.37963,1.620369999999994,52.2466960352423,0.8150943396226416,Mature (>50%),2013.0,12.0,15.0,7.0
Philippines,PHL,2017,False,Asia-Pacific,False,16.0,,16.0,,,,0.0013333333333333333,,,,52.0,40.0
Philippines,PHL,2018,False,Asia-Pacific,False,4.0,,20.0,,,-75.0,0.00019512195121951218,,,,51.0,40.0
Philippines,PHL,2019,False,Asia-Pacific,False,353.0,,373.0,99.15014,0.8498600000000067,8725.0,0.016971153846153848,,,,42.0,40.0
Philippines,PHL,2020,False,Asia-Pacific,False,276.0,,649.0,97.82609,2.1739100000000064,-21.813031161473084,0.009261744966442954,,,,50.0,40.0
Philippines,PHL,2021,False,Asia-Pacific,False,281.0,,930.0,74.7331,25.266900000000007,1.8115942028985588,0.004257575757575758,,,,53.0,41.0
Philippines,PHL,2022,False,Asia-Pacific,False,312.0,,1250.0,83.33333,16.666669999999996,11.032028469750887,0.0030588235294117644,,,,56.0,42.0
Philippines,PHL,2023,False,Asia-Pacific,False,349.0,,1610.0,83.09456,16.90544,11.858974358974361,0.0025474452554744525,,,,59.0,43.0
Philippines,PHL,2024,False,Asia-Pacific,False,3200.0,,4800.0,68.75,31.25,816.9054441260745,0.018285714285714287,,,,51.0,43.0
Philippines,PHL,2025,False,Asia-Pacific,False,30000.0,,35000.0,50.0,50.0,837.5,0.14150943396226415,,,,34.0,39.0
Poland,POL,2010,False,Europe,False,16.0,0.0048,,93.75,6.25,,0.2147651006711409,Nascent (<1%),2022.0,-12.0,14.0,
Poland,POL,2011,False,Europe,False,43.0,0.014,,100.0,0.0,168.75,0.08775510204081632,Nascent (<1%),2022.0,-11.0,20.0,
Poland,POL,2012,False,Europe,False,48.0,0.018,,91.66667,8.333330000000004,11.627906976744185,0.040336134453781515,Nascent (<1%),2022.0,-10.0,26.0,
Poland,POL,2013,False,Europe,False,37.0,0.013,,83.78378,16.216220000000007,-22.916666666666664,0.018407960199004973,Nascent (<1%),2022.0,-9.0,26.0,
Poland,POL,2014,False,Europe,False,201.0,0.062,,69.65174,30.348259999999996,443.2432432432432,0.060909090909090906,Nascent (<1%),2022.0,-8.0,24.0,
Poland,POL,2015,False,Europe,False,220.0,0.061,2500.0,31.81818,68.18182,9.45273631840795,0.04230769230769231,Nascent (<1%),2022.0,-7.0,28.0,21.0
Poland,POL,2016,False,Europe,False,510.0,0.12,2600.0,21.56863,78.43137,131.81818181818184,0.06538461538461539,Nascent (<1%),2022.0,-6.0,26.0,22.0
Poland,POL,2017,False,Europe,False,1080.0,0.22,3100.0,40.74074,59.25926,111.76470588235294,0.09,Nascent (<1%),2022.0,-5.0,27.0,25.0
Poland,POL,2018,False,Europe,False,1380.0,0.26,3700.0,44.92754,55.07246,27.777777777777768,0.06731707317073171,Nascent (<1%),2022.0,-4.0,29.0,28.0
Poland,POL,2019,False,Europe,False,2700.0,0.48,8600.0,55.55556,44.44444,95.65217391304348,0.12980769230769232,Nascent (<1%),2022.0,-3.0,27.0,26.0
Poland,POL,2020,False,Europe,False,8200.0,1.9,17700.0,45.12195,54.87805,203.70370370370372,0.2751677852348993,Early (1-5%),2022.0,-2.0,21.0,24.0
Poland,POL,2021,False,Europe,False,16300.0,3.6,37000.0,44.17178,55.82822,98.78048780487805,0.24696969696969698,Early (1-5%),2022.0,-1.0,23.0,22.0
Poland,POL,2022,False,Europe,False,25000.0,5.9,61000.0,56.0,44.0,53.37423312883436,0.24509803921568626,Growth (5-20%),2022.0,0.0,24.0,24.0
Poland,POL,2023,False,Europe,False,30000.0,6.4,99000.0,56.66667,43.33333,19.999999999999996,0.21897810218978103,Growth (5-20%),2022.0,1.0,28.0,25.0
Poland,POL,2024,False,Europe,False,37000.0,6.7,143000.0,59.45946,40.54054,23.33333333333334,0.21142857142857144,Growth (5-20%),2022.0,2.0,28.0,27.0
Poland,POL,2025,False,Europe,False,84000.0,14.0,240000.0,59.52381,40.47619,127.02702702702702,0.3962264150943396,Growth (5-20%),2022.0,3.0,27.0,27.0
Portugal,PRT,2010,False,Europe,False,13.0,0.0058,720.0,100.0,0.0,,0.174496644295302,Nascent (<1%),2019.0,-9.0,15.0,8.0
Portugal,PRT,2011,False,Europe,False,172.0,0.11,910.0,98.83721,1.162790000000001,1223.076923076923,0.3510204081632653,Nascent (<1%),2019.0,-8.0,17.0,11.0
Portugal,PRT,2012,False,Europe,False,84.0,0.088,960.0,64.28571,35.714290000000005,-51.162790697674424,0.07058823529411765,Nascent (<1%),2019.0,-7.0,24.0,18.0
Portugal,PRT,2013,False,Europe,False,185.0,0.17,1137.0,81.08108,18.91892,120.23809523809526,0.09203980099502487,Nascent (<1%),2019.0,-6.0,22.0,19.0
Portugal,PRT,2014,False,Europe,False,288.0,0.2,1346.0,65.97222,34.02778000000001,55.675675675675684,0.08727272727272728,Nascent (<1%),2019.0,-5.0,22.0,20.0
Portugal,PRT,2015,False,Europe,False,1100.0,0.62,2530.0,60.90909,39.09091,281.94444444444446,0.21153846153846154,Nascent (<1%),2019.0,-4.0,19.0,20.0
Portugal,PRT,2016,False,Europe,False,1800.0,0.87,4400.0,44.44444,55.55556,63.63636363636365,0.23076923076923078,Nascent (<1%),2019.0,-3.0,18.0,20.0
Portugal,PRT,2017,False,Europe,False,4400.0,1.9,8800.0,43.18182,56.81818,144.44444444444446,0.36666666666666664,Early (1-5%),2019.0,-2.0,18.0,18.0
Portugal,PRT,2018,False,Europe,False,8200.0,3.6,16700.0,52.43902,47.56098,86.36363636363636,0.4,Early (1-5%),2019.0,-1.0,18.0,17.0
Portugal,PRT,2019,False,Europe,False,12600.0,5.6,30000.0,53.96825,46.03175,53.65853658536586,0.6057692307692307,Growth (5-20%),2019.0,0.0,16.0,17.0
Portugal,PRT,2020,False,Europe,False,19800.0,13.0,49000.0,39.39394,60.60606,57.14285714285714,0.6644295302013423,Growth (5-20%),2019.0,1.0,18.0,19.0
Portugal,PRT,2021,False,Europe,False,29000.0,20.0,78000.0,44.82759,55.17241,46.46464646464648,0.43939393939393934,Growth (5-20%),2019.0,2.0,19.0,19.0
Portugal,PRT,2022,False,Europe,False,34000.0,22.0,111000.0,52.94118,47.05882,17.24137931034482,0.33333333333333337,Mainstream (20-50%),2019.0,3.0,21.0,19.0
Portugal,PRT,2023,False,Europe,False,63000.0,32.0,175000.0,57.14286,42.85714,85.29411764705883,0.45985401459854014,Mainstream (20-50%),2019.0,4.0,23.0,20.0
Portugal,PRT,2024,False,Europe,False,70000.0,33.0,240000.0,60.0,40.0,11.111111111111116,0.4,Mainstream (20-50%),2019.0,5.0,22.0,21.0
Portugal,PRT,2025,False,Europe,False,86000.0,38.0,330000.0,60.46512,39.53488,22.857142857142865,0.4056603773584906,Mainstream (20-50%),2019.0,6.0,26.0,24.0
Rest of World,,2010,True,,False,520.0,0.00353987,2595.0,100.3846,0.0,,,Nascent (<1%),,,,
Rest of World,,2011,True,,False,266.0,0.00182259,3388.0,109.7744,0.0,-48.846153846153854,,Nascent (<1%),,,,
Rest of World,,2012,True,,False,1064.0,0.00624615,5086.0,176.0338,0.0,300.0,,Nascent (<1%),,,,
Rest of World,,2013,True,,False,-4126.0,,6404.0,,,-487.78195488721803,,,,,,
Rest of World,,2014,True,,False,1924.0,0.01443519,5024.0,210.1351,0.0,-146.63111972855066,,Nascent (<1%),,,,
Rest of World,,2015,True,,False,-2059.0,,7327.0,,,-207.016632016632,,,,,,
Rest of World,,2016,True,,False,4466.0,0.0324663,14933.0,65.22615,34.773849999999996,-316.90140845070425,,Nascent (<1%),,,,
Rest of World,,2017,True,,False,11412.0,0.07293877,-42632.0,50.15773,49.84227,155.5306762203314,,Nascent (<1%),,,,
Rest of World,,2018,True,,False,19095.0,0.1405789,91916.0,123.7025,0.0,67.32386961093586,,Nascent (<1%),,,,
Rest of World,,2019,True,,False,-49752.0,,-4114.0,,,-360.5498821681068,,,,,,
Rest of World,,2020,True,,False,5650.0,0.05329296,149282.0,-136.5841,236.5841,-111.35632738382377,,Nascent (<1%),,,,
Rest of World,,2021,True,,False,99044.0,0.8271455,-63661.0,83.15294,16.84706,1652.9911504424779,,Nascent (<1%),,,,
Rest of World,,2022,True,,False,-10334.0,,642301.0,,,-110.43374661766488,,,,,,
Rest of World,,2023,True,,False,32818.0,0.2396951,454847.0,85.59327,14.406729999999996,-417.57305980259343,,Nascent (<1%),,,,
Rest of World,,2024,True,,False,301063.0,2.374505,761960.0,93.53524,6.464759999999998,817.3715643853983,,Early (1-5%),,,,
Rest of World,,2025,True,,False,378879.0,2.666498,2461820.0,98.16591,1.8340900000000033,25.84708184001354,,Early (1-5%),,,,
Romania,ROU,2015,False,Europe,False,24.0,,,100.0,0.0,,0.004615384615384615,,,,44.0,
Romania,ROU,2016,False,Europe,False,74.0,,,100.0,0.0,208.33333333333334,0.009487179487179488,,,,37.0,
Romania,ROU,2017,False,Europe,False,190.0,,,100.0,0.0,156.75675675675674,0.01583333333333333,,,,38.0,
Romania,ROU,2018,False,Europe,False,600.0,,,100.0,0.0,215.78947368421052,0.029268292682926828,,,,35.0,
Romania,ROU,2019,False,Europe,False,1500.0,,,100.0,0.0,150.0,0.07211538461538462,,,,32.0,
Romania,ROU,2020,False,Europe,False,3800.0,,,73.68421,26.315790000000007,153.33333333333331,0.12751677852348992,,,,30.0,
Romania,ROU,2021,False,Europe,False,6300.0,,,100.0,0.0,65.78947368421053,0.09545454545454546,,,,34.0,
Romania,ROU,2022,False,Europe,False,12000.0,,,100.0,0.0,90.47619047619047,0.1176470588235294,,,,29.0,
Romania,ROU,2023,False,Europe,False,15000.0,,,100.0,0.0,25.0,0.10948905109489052,,,,35.0,
Romania,ROU,2024,False,Europe,False,9800.0,,,100.0,0.0,-34.66666666666667,0.055999999999999994,,,,43.0,
Romania,ROU,2025,False,Europe,False,8800.0,,,100.0,0.0,-10.204081632653061,0.04150943396226415,,,,46.0,
Russia,RUS,2011,False,Europe,True,41.0,,,100.0,0.0,,0.0836734693877551,,,,21.0,
Russia,RUS,2012,False,Europe,True,49.0,,90.0,100.0,0.0,19.512195121951216,0.041176470588235294,,,,25.0,25.0
Russia,RUS,2013,False,Europe,True,,,90.0,,,,,,,,,28.0
Russia,RUS,2014,False,Europe,True,,,90.0,,,,,,,,,29.0
Russia,RUS,2015,False,Europe,True,165.0,,255.0,66.66667,33.333330000000004,,0.03173076923076923,,,,29.0,30.0
Russia,RUS,2016,False,Europe,True,372.0,,627.0,94.08602,5.913979999999995,125.45454545454544,0.047692307692307694,,,,28.0,31.0
Russia,RUS,2017,False,Europe,True,142.0,,770.0,77.46479,22.535210000000006,-61.82795698924731,0.011833333333333333,,,,42.0,30.0
Russia,RUS,2018,False,Europe,True,1140.0,,1900.0,12.2807,87.7193,702.8169014084508,0.055609756097560976,,,,30.0,30.0
Russia,RUS,2019,False,Europe,True,1250.0,,3100.0,28.0,72.0,9.649122807017552,0.06009615384615385,,,,34.0,29.0
Russia,RUS,2020,False,Europe,True,1490.0,,4600.0,52.34899,47.65101,19.199999999999996,0.05,,,,37.0,31.0
Russia,RUS,2021,False,Europe,True,2040.0,,6700.0,63.72549,36.27451,36.91275167785235,0.03090909090909091,,,,40.0,34.0
Russia,RUS,2022,False,Europe,True,797.0,,7400.0,95.35759,4.642409999999998,-60.93137254901961,0.007813725490196079,,,,53.0,37.0
Russia,RUS,2023,False,Europe,True,5260.0,,12800.0,91.25475,8.745249999999999,559.9749058971142,0.03839416058394161,,,,46.0,37.0
Russia,RUS,2024,False,Europe,True,40000.0,,53000.0,30.0,70.0,660.4562737642585,0.2285714285714286,,,,27.0,33.0
Russia,RUS,2025,False,Europe,True,31000.0,,84000.0,38.70968,61.29032,-22.499999999999996,0.14622641509433962,,,,33.0,33.0
Seychelles,SYC,2015,False,Africa,False,3.0,,,100.0,0.0,,0.0005769230769230769,,,,47.0,
Seychelles,SYC,2016,False,Africa,False,12.0,,,100.0,0.0,300.0,0.0015384615384615385,,,,48.0,
Seychelles,SYC,2017,False,Africa,False,30.0,,,100.0,0.0,150.0,0.0025,,,,50.0,
Seychelles,SYC,2018,False,Africa,False,32.0,,,100.0,0.0,6.666666666666665,0.0015609756097560974,,,,50.0,
Seychelles,SYC,2019,False,Africa,False,37.0,,,100.0,0.0,15.625,0.0017788461538461539,,,,54.0,
Seychelles,SYC,2020,False,Africa,False,26.0,,,100.0,0.0,-29.729729729729726,0.0008724832214765102,,,,55.0,
Seychelles,SYC,2021,False,Africa,False,61.0,,,100.0,0.0,134.6153846153846,0.0009242424242424242,,,,57.0,
Seychelles,SYC,2022,False,Africa,False,37.0,,,100.0,0.0,-39.34426229508197,0.00036274509803921567,,,,59.0,
Seychelles,SYC,2023,False,Africa,False,100.0,,,100.0,0.0,170.27027027027026,0.0007299270072992701,,,,60.0,
Singapore,SGP,2016,False,Asia-Pacific,False,2.0,,2.0,100.0,0.0,,0.0002564102564102564,,,,49.0,38.0
Singapore,SGP,2017,False,Asia-Pacific,False,680.0,,680.0,79.41176,20.58824,33900.0,0.05666666666666667,,,,30.0,32.0
Singapore,SGP,2018,False,Asia-Pacific,False,950.0,,1580.0,53.68421,46.31579,39.70588235294117,0.046341463414634146,,,,32.0,31.0
Singapore,SGP,2019,False,Asia-Pacific,False,1490.0,,3070.0,73.8255,26.174499999999995,56.84210526315789,0.0716346153846154,,,,33.0,30.0
Singapore,SGP,2020,False,Asia-Pacific,False,1100.0,,4200.0,45.45455,54.54545,-26.174496644295296,0.036912751677852344,,,,40.0,32.0
Singapore,SGP,2021,False,Asia-Pacific,False,3260.0,,7400.0,76.68712,23.312880000000007,196.36363636363637,0.04939393939393939,,,,37.0,33.0
Singapore,SGP,2022,False,Asia-Pacific,False,3680.0,,11100.0,86.95652,13.043480000000002,12.883435582822077,0.03607843137254902,,,,40.0,34.0
Singapore,SGP,2023,False,Asia-Pacific,False,5090.0,,16400.0,88.40864,11.591359999999995,38.315217391304344,0.03715328467153285,,,,47.0,35.0
Singapore,SGP,2024,False,Asia-Pacific,False,12590.0,,29000.0,95.31374,4.686260000000004,147.34774066797644,0.07194285714285714,,,,40.0,37.0
Singapore,SGP,2025,False,Asia-Pacific,False,20580.0,,49600.0,97.18173,2.8182699999999983,63.46306592533757,0.09707547169811322,,,,39.0,37.0
Slovakia,SVK,2015,False,Europe,True,52.0,,,100.0,0.0,,0.01,,,,36.0,
Slovakia,SVK,2016,False,Europe,True,59.0,,,100.0,0.0,13.461538461538458,0.007564102564102565,,,,40.0,
Slovakia,SVK,2017,False,Europe,True,210.0,,,100.0,0.0,255.9322033898305,0.017499999999999998,,,,36.0,
Slovakia,SVK,2018,False,Europe,True,290.0,,,100.0,0.0,38.095238095238095,0.014146341463414633,,,,39.0,
Slovakia,SVK,2019,False,Europe,True,360.0,,,44.44444,55.55556,24.13793103448276,0.017307692307692305,,,,41.0,
Slovakia,SVK,2020,False,Europe,True,1780.0,,,51.68539,48.31461,394.44444444444446,0.05973154362416107,,,,35.0,
Slovakia,SVK,2021,False,Europe,True,2300.0,,,47.82609,52.17391,29.21348314606742,0.03484848484848485,,,,39.0,
Slovakia,SVK,2022,False,Europe,True,3000.0,,,46.66667,53.33333,30.434782608695656,0.02941176470588235,,,,42.0,
Slovakia,SVK,2023,False,Europe,True,5300.0,,,43.39623,56.60377,76.66666666666666,0.03868613138686131,,,,45.0,
Slovakia,SVK,2024,False,Europe,True,4400.0,,,50.0,50.0,-16.981132075471695,0.025142857142857144,,,,48.0,
Slovakia,SVK,2025,False,Europe,True,8500.0,,,51.76471,48.23529,93.18181818181819,0.04009433962264151,,,,48.0,
Slovenia,SVN,2016,False,Europe,False,186.0,,,75.26882,24.731179999999995,,0.023846153846153847,,,,31.0,
Slovenia,SVN,2017,False,Europe,False,460.0,,,63.04348,36.95652,147.31182795698925,0.03833333333333334,,,,32.0,
Slovenia,SVN,2018,False,Europe,False,660.0,,,71.21212,28.78788,43.47826086956521,0.03219512195121951,,,,34.0,
Slovenia,SVN,2019,False,Europe,False,218.0,,,87.15596,12.844040000000007,-66.96969696969697,0.010480769230769231,,,,49.0,
Slovenia,SVN,2020,False,Europe,False,1639.0,,,97.6205,2.379499999999993,651.8348623853211,0.055,,,,36.0,
Slovenia,SVN,2021,False,Europe,False,2010.0,,,84.57711,15.422889999999995,22.63575350823672,0.030454545454545453,,,,41.0,
Slovenia,SVN,2022,False,Europe,False,2890.0,,,79.58478,20.415220000000005,43.78109452736319,0.028333333333333335,,,,43.0,
Slovenia,SVN,2023,False,Europe,False,5500.0,,,78.18182,21.818179999999998,90.31141868512111,0.040145985401459854,,,,44.0,
Slovenia,SVN,2024,False,Europe,False,4300.0,,,72.09302,27.906980000000004,-21.818181818181813,0.024571428571428574,,,,49.0,
Slovenia,SVN,2025,False,Europe,False,8300.0,,,77.10843,22.89157,93.0232558139535,0.03915094339622641,,,,49.0,
South Africa,ZAF,2013,False,Africa,False,34.0,,34.0,100.0,0.0,,0.01691542288557214,,,,28.0,30.0
South Africa,ZAF,2014,False,Africa,False,15.0,,49.0,93.33333,6.666669999999996,-55.88235294117647,0.004545454545454545,,,,34.0,32.0
South Africa,ZAF,2015,False,Africa,False,240.0,,280.0,50.0,50.0,1500.0,0.04615384615384615,,,,26.0,29.0
South Africa,ZAF,2016,False,Africa,False,380.0,,660.0,26.31579,73.68421000000001,58.33333333333333,0.04871794871794872,,,,27.0,29.0
South Africa,ZAF,2017,False,Africa,False,198.0,,860.0,34.34343,65.65657,-47.89473684210527,0.0165,,,,37.0,29.0
South Africa,ZAF,2018,False,Africa,False,148.0,,1010.0,44.59459,55.40541,-25.25252525252525,0.0072195121951219516,,,,46.0,33.0
South Africa,ZAF,2019,False,Africa,False,232.0,,1240.0,68.96552,31.034480000000002,56.75675675675676,0.011153846153846155,,,,47.0,35.0
South Africa,ZAF,2020,False,Africa,False,242.0,,1470.0,38.01653,61.98347,4.31034482758621,0.008120805369127517,,,,51.0,36.0
South Africa,ZAF,2021,False,Africa,False,271.0,,1740.0,81.18081,18.819190000000006,11.983471074380159,0.004106060606060606,,,,54.0,39.0
South Africa,ZAF,2022,False,Africa,False,620.0,,2220.0,80.64516,19.354839999999996,128.78228782287823,0.006078431372549019,,,,55.0,41.0
South Africa,ZAF,2023,False,Africa,False,1080.0,,3500.0,75.0,25.0,74.19354838709677,0.007883211678832117,,,,56.0,42.0
South Africa,ZAF,2024,False,Africa,False,1940.0,,5100.0,61.85567,38.14433,79.62962962962963,0.011085714285714286,,,,58.0,42.0
South Africa,ZAF,2025,False,Africa,False,3800.0,,9200.0,26.31579,73.68421000000001,95.8762886597938,0.017924528301886792,,,,54.0,44.0
South Korea,KOR,2010,False,Asia-Pacific,True,61.0,0.005,61.0,100.0,0.0,,0.8187919463087248,Nascent (<1%),2021.0,-11.0,11.0,16.0
South Korea,KOR,2011,False,Asia-Pacific,True,270.0,0.023,340.0,100.0,0.0,342.62295081967216,0.5510204081632654,Nascent (<1%),2021.0,-10.0,15.0,18.0
South Korea,KOR,2012,False,Asia-Pacific,True,510.0,0.041,850.0,100.0,0.0,88.88888888888889,0.4285714285714286,Nascent (<1%),2021.0,-9.0,15.0,19.0
South Korea,KOR,2013,False,Asia-Pacific,True,600.0,0.048,1400.0,100.0,0.0,17.647058823529417,0.2985074626865672,Nascent (<1%),2021.0,-8.0,15.0,18.0
South Korea,KOR,2014,False,Asia-Pacific,True,1300.0,0.092,2700.0,100.0,0.0,116.66666666666666,0.393939393939394,Nascent (<1%),2021.0,-7.0,18.0,18.0
South Korea,KOR,2015,False,Asia-Pacific,True,3350.0,0.22,6050.0,92.53731,7.462689999999995,157.6923076923077,0.6442307692307693,Nascent (<1%),2021.0,-6.0,14.0,15.0
South Korea,KOR,2016,False,Asia-Pacific,True,5030.0,0.33,10580.0,93.43936,6.5606400000000065,50.14925373134329,0.6448717948717948,Nascent (<1%),2021.0,-5.0,13.0,14.0
South Korea,KOR,2017,False,Asia-Pacific,True,14670.0,0.96,25300.0,95.43286,4.567139999999995,191.65009940357854,1.2225,Nascent (<1%),2021.0,-4.0,12.0,12.0
South Korea,KOR,2018,False,Asia-Pacific,True,59400.0,3.9,60600.0,92.59259,7.407409999999999,304.90797546012266,2.8975609756097565,Early (1-5%),2021.0,-3.0,6.0,11.0
South Korea,KOR,2019,False,Asia-Pacific,True,35700.0,2.4,100000.0,92.43697,7.563029999999998,-39.8989898989899,1.7163461538461537,Early (1-5%),2021.0,-2.0,11.0,10.0
South Korea,KOR,2020,False,Asia-Pacific,True,39700.0,2.5,144000.0,78.08564,21.914360000000002,11.204481792717091,1.332214765100671,Early (1-5%),2021.0,-1.0,13.0,11.0
South Korea,KOR,2021,False,Asia-Pacific,True,91000.0,6.3,234000.0,79.12088,20.87912,129.21914357682618,1.378787878787879,Growth (5-20%),2021.0,0.0,10.0,11.0
South Korea,KOR,2022,False,Asia-Pacific,True,131000.0,9.6,357000.0,91.60305,8.396950000000004,43.956043956043956,1.2843137254901962,Growth (5-20%),2021.0,1.0,8.0,11.0
South Korea,KOR,2023,False,Asia-Pacific,True,132000.0,8.9,489000.0,90.90909,9.090909999999994,0.7633587786259444,0.9635036496350365,Growth (5-20%),2021.0,2.0,12.0,12.0
South Korea,KOR,2024,False,Asia-Pacific,True,127900.0,7.4,617000.0,93.8233,6.176699999999997,-3.106060606060601,0.7308571428571429,Growth (5-20%),2021.0,3.0,11.0,11.0
South Korea,KOR,2025,False,Asia-Pacific,True,217000.0,11.0,834000.0,92.1659,7.8341000000000065,69.66379984362783,1.0235849056603774,Growth (5-20%),2021.0,4.0,9.0,9.0
Spain,ESP,2010,False,Europe,True,76.0,0.0077,76.0,100.0,0.0,,1.0201342281879193,Nascent (<1%),2021.0,-11.0,10.0,14.0
Spain,ESP,2011,False,Europe,True,398.0,0.049,468.0,97.98995,2.0100500000000068,423.6842105263157,0.8122448979591838,Nascent (<1%),2021.0,-10.0,13.0,15.0
Spain,ESP,2012,False,Europe,True,540.0,0.076,1010.0,79.62963,20.370369999999994,35.67839195979901,0.45378151260504196,Nascent (<1%),2021.0,-9.0,14.0,17.0
Spain,ESP,2013,False,Europe,True,882.0,0.12,1890.0,91.83673,8.163269999999997,63.33333333333333,0.4388059701492537,Nascent (<1%),2021.0,-8.0,13.0,15.0
Spain,ESP,2014,False,Europe,True,1730.0,0.19,3620.0,80.92486,19.075140000000005,96.1451247165533,0.5242424242424242,Nascent (<1%),2021.0,-7.0,13.0,14.0
Spain,ESP,2015,False,Europe,True,2080.0,0.2,5700.0,62.5,37.5,20.231213872832377,0.4,Nascent (<1%),2021.0,-6.0,17.0,16.0
Spain,ESP,2016,False,Europe,True,3500.0,0.29,9300.0,57.14286,42.85714,68.26923076923077,0.4487179487179487,Nascent (<1%),2021.0,-5.0,15.0,16.0
Spain,ESP,2017,False,Europe,True,7400.0,0.56,16300.0,52.7027,47.2973,111.42857142857143,0.6166666666666667,Nascent (<1%),2021.0,-4.0,15.0,15.0
Spain,ESP,2018,False,Europe,True,11600.0,0.81,28000.0,51.72414,48.27586,56.75675675675676,0.5658536585365853,Nascent (<1%),2021.0,-3.0,13.0,14.0
Spain,ESP,2019,False,Europe,True,17400.0,1.3,45000.0,57.47126,42.52874,50.0,0.8365384615384615,Early (1-5%),2021.0,-2.0,14.0,14.0
Spain,ESP,2020,False,Europe,True,42000.0,4.5,88000.0,42.85714,57.14286,141.3793103448276,1.4093959731543624,Early (1-5%),2021.0,-1.0,12.0,14.0
Spain,ESP,2021,False,Europe,True,67000.0,7.3,155000.0,35.8209,64.1791,59.52380952380953,1.0151515151515151,Growth (5-20%),2021.0,0.0,13.0,14.0
Spain,ESP,2022,False,Europe,True,82000.0,8.9,226000.0,40.2439,59.7561,22.388059701492537,0.803921568627451,Growth (5-20%),2021.0,1.0,14.0,14.0
Spain,ESP,2023,False,Europe,True,122000.0,12.0,360000.0,46.72131,53.27869,48.78048780487805,0.8905109489051094,Growth (5-20%),2021.0,2.0,13.0,14.0
Spain,ESP,2024,False,Europe,True,128000.0,11.0,450000.0,48.4375,51.5625,4.918032786885251,0.7314285714285714,Growth (5-20%),2021.0,3.0,10.0,15.0
Spain,ESP,2025,False,Europe,True,230000.0,20.0,630000.0,47.82609,52.17391,79.6875,1.0849056603773584,Growth (5-20%),2021.0,4.0,7.0,15.0
Sweden,SWE,2010,False,Europe,False,4.0,0.0013,4.0,100.0,0.0,,0.05369127516778523,Nascent (<1%),2017.0,-7.0,18.0,21.0
Sweden,SWE,2011,False,Europe,False,180.0,0.054,180.0,100.0,0.0,4400.0,0.36734693877551017,Nascent (<1%),2017.0,-6.0,16.0,19.0
Sweden,SWE,2012,False,Europe,False,930.0,0.31,1250.0,29.03226,70.96773999999999,416.6666666666667,0.7815126050420168,Nascent (<1%),2017.0,-5.0,10.0,12.0
Sweden,SWE,2013,False,Europe,False,1530.0,0.53,2600.0,28.10458,71.89542,64.51612903225808,0.7611940298507462,Nascent (<1%),2017.0,-4.0,10.0,11.0
Sweden,SWE,2014,False,Europe,False,4600.0,1.4,7100.0,26.08696,73.91304,200.65359477124184,1.3939393939393938,Early (1-5%),2017.0,-3.0,10.0,10.0
Sweden,SWE,2015,False,Europe,False,8700.0,2.4,14600.0,34.48276,65.51724,89.13043478260869,1.673076923076923,Early (1-5%),2017.0,-2.0,9.0,10.0
Sweden,SWE,2016,False,Europe,False,12900.0,3.4,26500.0,22.48062,77.51938,48.27586206896552,1.653846153846154,Early (1-5%),2017.0,-1.0,9.0,10.0
Sweden,SWE,2017,False,Europe,False,20400.0,5.1,43000.0,21.56863,78.43137,58.13953488372092,1.7000000000000002,Growth (5-20%),2017.0,0.0,9.0,10.0
Sweden,SWE,2018,False,Europe,False,29100.0,7.6,66000.0,24.39863,75.60137,42.64705882352941,1.4195121951219514,Growth (5-20%),2017.0,1.0,10.0,10.0
Sweden,SWE,2019,False,Europe,False,41000.0,11.0,97000.0,39.02439,60.97561,40.89347079037802,1.971153846153846,Growth (5-20%),2017.0,2.0,9.0,11.0
Sweden,SWE,2020,False,Europe,False,94000.0,32.0,176000.0,29.78723,70.21277,129.2682926829268,3.1543624161073827,Mainstream (20-50%),2017.0,3.0,7.0,10.0
Sweden,SWE,2021,False,Europe,False,135000.0,43.0,300000.0,42.22222,57.77778,43.61702127659575,2.0454545454545454,Mainstream (20-50%),2017.0,4.0,8.0,9.0
Sweden,SWE,2022,False,Europe,False,163000.0,54.0,440000.0,58.89571,41.10429,20.740740740740748,1.5980392156862744,Mature (>50%),2017.0,5.0,6.0,8.0
Sweden,SWE,2023,False,Europe,False,171000.0,60.0,560000.0,64.32749,35.67251,4.907975460122693,1.248175182481752,Mature (>50%),2017.0,6.0,7.0,8.0
Sweden,SWE,2024,False,Europe,False,157000.0,58.0,670000.0,59.87261,40.12739,-8.187134502923977,0.8971428571428571,Mature (>50%),2017.0,7.0,9.0,9.0
Sweden,SWE,2025,False,Europe,False,173000.0,61.0,800000.0,57.80347,42.19653,10.191082802547768,0.8160377358490565,Mature (>50%),2017.0,8.0,14.0,10.0
Switzerland,CHE,2011,False,Europe,False,441.0,0.14,441.0,90.70295,9.297049999999999,,0.8999999999999999,Nascent (<1%),2019.0,-8.0,11.0,16.0
Switzerland,CHE,2012,False,Europe,False,740.0,0.23,1180.0,45.94595,54.05405,67.80045351473922,0.6218487394957983,Nascent (<1%),2019.0,-7.0,12.0,15.0
Switzerland,CHE,2013,False,Europe,False,1370.0,0.42,2500.0,87.59124,12.408760000000001,85.13513513513513,0.681592039800995,Nascent (<1%),2019.0,-6.0,11.0,13.0
Switzerland,CHE,2014,False,Europe,False,2900.0,0.94,5410.0,93.10345,6.896550000000005,111.6788321167883,0.8787878787878787,Nascent (<1%),2019.0,-5.0,11.0,11.0
Switzerland,CHE,2015,False,Europe,False,5700.0,1.7,11000.0,57.89474,42.10526,96.55172413793103,1.0961538461538463,Early (1-5%),2019.0,-4.0,11.0,11.0
Switzerland,CHE,2016,False,Europe,False,6100.0,1.9,16000.0,54.09836,45.90164,7.017543859649122,0.782051282051282,Early (1-5%),2019.0,-3.0,12.0,12.0
Switzerland,CHE,2017,False,Europe,False,8400.0,2.7,25000.0,57.14286,42.85714,37.704918032786885,0.7000000000000001,Early (1-5%),2019.0,-2.0,13.0,13.0
Switzerland,CHE,2018,False,Europe,False,9500.0,3.2,35000.0,53.68421,46.31579,13.095238095238093,0.46341463414634143,Early (1-5%),2019.0,-1.0,15.0,13.0
Switzerland,CHE,2019,False,Europe,False,17300.0,5.6,50000.0,75.14451,24.855490000000003,82.10526315789475,0.8317307692307692,Growth (5-20%),2019.0,0.0,15.0,13.0
Switzerland,CHE,2020,False,Europe,False,34000.0,14.0,84000.0,58.82353,41.17647,96.53179190751445,1.1409395973154361,Growth (5-20%),2019.0,1.0,14.0,15.0
Switzerland,CHE,2021,False,Europe,False,54000.0,23.0,138000.0,59.25926,40.74074,58.823529411764696,0.8181818181818182,Mainstream (20-50%),2019.0,2.0,15.0,16.0
Switzerland,CHE,2022,False,Europe,False,59000.0,26.0,201000.0,67.79661,32.20339,9.259259259259256,0.5784313725490196,Mainstream (20-50%),2019.0,3.0,15.0,16.0
Switzerland,CHE,2023,False,Europe,False,76000.0,30.0,258000.0,69.73684,30.26316,28.81355932203389,0.5547445255474452,Mainstream (20-50%),2019.0,4.0,19.0,16.0
Switzerland,CHE,2024,False,Europe,False,67000.0,28.0,320000.0,68.65672,31.343279999999993,-11.842105263157897,0.38285714285714284,Mainstream (20-50%),2019.0,5.0,24.0,16.0
Switzerland,CHE,2025,False,Europe,False,79000.0,34.0,400000.0,67.08861,32.91139,17.910447761194035,0.3726415094339623,Mainstream (20-50%),2019.0,6.0,28.0,19.0
Thailand,THA,2010,False,Asia-Pacific,True,1.0,,4.0,100.0,0.0,,0.013422818791946307,,,,19.0,21.0
Thailand,THA,2011,False,Asia-Pacific,True,9.0,,13.0,100.0,0.0,800.0,0.01836734693877551,,,,24.0,25.0
Thailand,THA,2012,False,Asia-Pacific,True,7.0,,18.0,100.0,0.0,-22.22222222222222,0.0058823529411764705,,,,32.0,30.0
Thailand,THA,2013,False,Asia-Pacific,True,13.0,,30.0,100.0,0.0,85.71428571428572,0.006467661691542288,,,,30.0,31.0
Thailand,THA,2014,False,Asia-Pacific,True,69.0,,99.0,8.695652,91.304348,430.7692307692308,0.02090909090909091,,,,25.0,28.0
Thailand,THA,2015,False,Asia-Pacific,True,37.0,,370.0,37.83784,62.16216,-46.37681159420289,0.007115384615384615,,,,38.0,27.0
Thailand,THA,2016,False,Asia-Pacific,True,39.0,,375.0,5.128205,94.871795,5.405405405405395,0.005,,,,44.0,32.0
Thailand,THA,2017,False,Asia-Pacific,True,167.0,,402.0,16.16766,83.83234,328.2051282051282,0.013916666666666667,,,,40.0,35.0
Thailand,THA,2018,False,Asia-Pacific,True,8610.0,,8690.0,1.277584,98.722416,5055.688622754491,0.42,,,,17.0,23.0
Thailand,THA,2019,False,Asia-Pacific,True,10300.0,,18890.0,6.796117,93.203883,19.62833914053426,0.4951923076923077,,,,18.0,21.0
Thailand,THA,2020,False,Asia-Pacific,True,9100.0,,26200.0,14.28571,85.71429,-11.650485436893199,0.3053691275167785,,,,20.0,21.0
Thailand,THA,2021,False,Asia-Pacific,True,9000.0,,35100.0,21.11111,78.88889,-1.098901098901095,0.13636363636363638,,,,28.0,24.0
Thailand,THA,2022,False,Asia-Pacific,True,20900.0,,56000.0,47.36842,52.63158,132.22222222222223,0.20490196078431375,,,,26.0,26.0
Thailand,THA,2023,False,Asia-Pacific,True,89000.0,,147000.0,86.51685,13.483149999999995,325.83732057416273,0.6496350364963503,,,,16.0,23.0
Thailand,THA,2024,False,Asia-Pacific,True,80400.0,,225000.0,88.30846,11.691540000000003,-9.662921348314601,0.4594285714285714,,,,20.0,23.0
Thailand,THA,2025,False,Asia-Pacific,True,138000.0,,364000.0,86.95652,13.043480000000002,71.64179104477613,0.6509433962264151,,,,18.0,21.0
Turkey,TUR,2012,False,Middle East,False,92.0,0.016,,100.0,0.0,,0.0773109243697479,Nascent (<1%),2023.0,-11.0,22.0,
Turkey,TUR,2013,False,Middle East,False,1.0,0.00015,230.0,,,-98.91304347826086,0.0004975124378109452,Nascent (<1%),2023.0,-10.0,36.0,24.0
Turkey,TUR,2014,False,Middle East,False,68.0,0.012,260.0,67.64706,32.352940000000004,6700.0,0.020606060606060607,Nascent (<1%),2023.0,-9.0,26.0,26.0
Turkey,TUR,2015,False,Middle East,False,230.0,0.03,370.0,52.17391,47.82609,238.23529411764704,0.04423076923076923,Nascent (<1%),2023.0,-8.0,27.0,27.0
Turkey,TUR,2016,False,Middle East,False,127.0,0.017,630.0,34.64567,65.35433,-44.78260869565217,0.016282051282051284,Nascent (<1%),2023.0,-7.0,33.0,30.0
Turkey,TUR,2017,False,Middle East,False,111.0,0.015,740.0,69.36937,30.630629999999996,-12.598425196850393,0.00925,Nascent (<1%),2023.0,-6.0,44.0,31.0
Turkey,TUR,2018,False,Middle East,False,235.0,0.045,930.0,80.85106,19.148939999999996,111.71171171171173,0.011463414634146341,Nascent (<1%),2023.0,-5.0,42.0,34.0
Turkey,TUR,2019,False,Middle East,False,324.0,0.084,1840.0,70.98765,29.012349999999998,37.87234042553192,0.015576923076923075,Nascent (<1%),2023.0,-4.0,43.0,34.0
Turkey,TUR,2020,False,Middle East,False,1290.0,0.21,3900.0,68.99225,31.00775,298.14814814814815,0.043288590604026844,Nascent (<1%),2023.0,-3.0,38.0,33.0
Turkey,TUR,2021,False,Middle East,False,3920.0,0.63,8600.0,76.53061,23.469390000000004,203.87596899224806,0.059393939393939395,Nascent (<1%),2023.0,-2.0,36.0,32.0
Turkey,TUR,2022,False,Middle East,False,7540.0,1.3,16300.0,92.8382,7.1617999999999995,92.34693877551021,0.07392156862745097,Early (1-5%),2023.0,-1.0,36.0,31.0
Turkey,TUR,2023,False,Middle East,False,67500.0,7.2,81700.0,96.2963,3.7036999999999978,795.2254641909814,0.4927007299270073,Growth (5-20%),2023.0,0.0,20.0,28.0
Turkey,TUR,2024,False,Middle East,False,104900.0,11.0,185000.0,90.56244,9.437560000000005,55.40740740740742,0.5994285714285714,Growth (5-20%),2023.0,1.0,16.0,25.0
Turkey,TUR,2025,False,Middle East,False,237000.0,22.0,421000.0,80.16878,19.831220000000002,125.92945662535749,1.1179245283018868,Mainstream (20-50%),2023.0,2.0,6.0,17.0
United Arab Emirates,ARE,2012,False,Middle East,False,200.0,,340.0,100.0,0.0,,0.16806722689075632,,,,19.0,21.0
United Arab Emirates,ARE,2013,False,Middle East,False,139.0,,936.0,67.6259,32.3741,-30.500000000000004,0.0691542288557214,,,,23.0,21.0
United Arab Emirates,ARE,2014,False,Middle East,False,49.0,,1330.0,,,-64.74820143884892,0.014848484848484849,,,,29.0,21.0
United Arab Emirates,ARE,2015,False,Middle East,False,85.0,,1910.0,37.64706,62.35294,73.46938775510203,0.016346153846153847,,,,33.0,22.0
United Arab Emirates,ARE,2016,False,Middle East,False,58.0,,2340.0,,,-31.76470588235294,0.007435897435897436,,,,41.0,24.0
United Arab Emirates,ARE,2017,False,Middle East,False,479.0,,2390.0,87.68267,12.317329999999998,725.8620689655172,0.03991666666666666,,,,31.0,27.0
United Arab Emirates,ARE,2018,False,Middle East,False,270.0,,2400.0,77.77778,22.222219999999993,-43.63256784968684,0.013170731707317073,,,,41.0,29.0
United Arab Emirates,ARE,2019,False,Middle East,False,231.0,,2600.0,73.59307,26.406930000000003,-14.444444444444448,0.011105769230769232,,,,48.0,32.0
United Arab Emirates,ARE,2020,False,Middle East,False,691.0,,9000.0,91.17221,8.827789999999993,199.13419913419915,0.023187919463087247,,,,41.0,28.0
United Arab Emirates,ARE,2021,False,Middle East,False,5100.0,,18800.0,60.78431,39.21569,638.0607814761215,0.07727272727272727,,,,35.0,28.0
United Arab Emirates,ARE,2022,False,Middle East,False,13700.0,,58000.0,71.53285,28.467150000000004,168.62745098039213,0.13431372549019607,,,,28.0,25.0
United Arab Emirates,ARE,2023,False,Middle East,False,16900.0,,120000.0,65.08876,34.91124000000001,23.357664233576635,0.12335766423357665,,,,32.0,24.0
United Arab Emirates,ARE,2024,False,Middle East,False,23900.0,,159000.0,71.12971,28.870289999999997,41.420118343195256,0.13657142857142857,,,,32.0,26.0
United Arab Emirates,ARE,2025,False,Middle East,False,37000.0,,196000.0,64.86486,35.13514000000001,54.81171548117154,0.17452830188679247,,,,32.0,28.0
United Kingdom,GBR,2010,False,Europe,True,261.0,0.013,1521.0,91.95402,8.04598,,3.5033557046979866,Nascent (<1%),2020.0,-10.0,7.0,6.0
United Kingdom,GBR,2011,False,Europe,True,1207.0,0.062,2628.0,99.42005,0.5799499999999966,362.4521072796935,2.463265306122449,Nascent (<1%),2020.0,-9.0,8.0,6.0
United Kingdom,GBR,2012,False,Europe,True,2570.0,0.13,5090.0,62.25681,37.74319,112.92460646230325,2.159663865546219,Nascent (<1%),2020.0,-8.0,8.0,8.0
United Kingdom,GBR,2013,False,Europe,True,3700.0,0.16,8200.0,70.27027,29.729730000000004,43.96887159533074,1.8407960199004976,Nascent (<1%),2020.0,-7.0,8.0,8.0
United Kingdom,GBR,2014,False,Europe,True,14500.0,0.59,21700.0,46.2069,53.7931,291.8918918918919,4.393939393939394,Nascent (<1%),2020.0,-6.0,6.0,8.0
United Kingdom,GBR,2015,False,Europe,True,29000.0,1.1,48000.0,34.48276,65.51724,100.0,5.5769230769230775,Early (1-5%),2020.0,-5.0,4.0,7.0
United Kingdom,GBR,2016,False,Europe,True,39000.0,1.4,85000.0,25.64103,74.35897,34.48275862068966,5.0,Early (1-5%),2020.0,-4.0,5.0,7.0
United Kingdom,GBR,2017,False,Europe,True,49000.0,1.9,129000.0,28.57143,71.42857000000001,25.64102564102564,4.083333333333333,Early (1-5%),2020.0,-3.0,6.0,6.0
United Kingdom,GBR,2018,False,Europe,True,62000.0,2.6,186000.0,25.80645,74.19355,26.530612244897966,3.024390243902439,Early (1-5%),2020.0,-2.0,5.0,5.0
United Kingdom,GBR,2019,False,Europe,True,75000.0,3.2,251000.0,50.66667,49.33333,20.967741935483875,3.6057692307692304,Early (1-5%),2020.0,-1.0,5.0,5.0
United Kingdom,GBR,2020,False,Europe,True,178000.0,11.0,410000.0,61.79775,38.20225,137.33333333333334,5.973154362416108,Growth (5-20%),2020.0,0.0,5.0,5.0
United Kingdom,GBR,2021,False,Europe,True,310000.0,18.0,710000.0,61.29032,38.70968,74.15730337078652,4.696969696969696,Growth (5-20%),2020.0,1.0,4.0,4.0
United Kingdom,GBR,2022,False,Europe,True,370000.0,22.0,950000.0,72.97297,27.027029999999996,19.354838709677423,3.6274509803921573,Mainstream (20-50%),2020.0,2.0,4.0,5.0
United Kingdom,GBR,2023,False,Europe,True,450000.0,23.0,1580000.0,68.88889,31.111109999999996,21.62162162162162,3.2846715328467155,Mainstream (20-50%),2020.0,3.0,5.0,4.0
United Kingdom,GBR,2024,False,Europe,True,550000.0,27.0,1990000.0,69.09091,30.909090000000006,22.222222222222232,3.1428571428571432,Mainstream (20-50%),2020.0,4.0,4.0,4.0
United Kingdom,GBR,2025,False,Europe,True,700000.0,35.0,2460000.0,67.14286,32.85714,27.27272727272727,3.30188679245283,Mainstream (20-50%),2020.0,5.0,4.0,4.0
United States,USA,2010,False,Americas,True,1200.0,0.012,3800.0,100.0,0.0,,16.10738255033557,Nascent (<1%),2022.0,-12.0,3.0,2.0
United States,USA,2011,False,Americas,True,17800.0,0.15,22000.0,55.05618,44.94382,1383.3333333333335,36.3265306122449,Nascent (<1%),2022.0,-11.0,1.0,2.0
United States,USA,2012,False,Americas,True,54000.0,0.42,75000.0,27.77778,72.22222,203.3707865168539,45.378151260504204,Nascent (<1%),2022.0,-10.0,1.0,1.0
United States,USA,2013,False,Americas,True,97000.0,0.71,172000.0,49.48454,50.51546,79.62962962962963,48.258706467661696,Nascent (<1%),2022.0,-9.0,1.0,1.0
United States,USA,2014,False,Americas,True,118000.0,0.77,290000.0,53.38983,46.61017,21.649484536082465,35.75757575757576,Nascent (<1%),2022.0,-8.0,1.0,1.0
United States,USA,2015,False,Americas,True,114000.0,0.7,400000.0,62.2807,37.7193,-3.3898305084745783,21.923076923076923,Nascent (<1%),2022.0,-7.0,2.0,1.0
United States,USA,2016,False,Americas,True,160000.0,0.99,570000.0,54.375,45.625,40.35087719298245,20.51282051282051,Nascent (<1%),2022.0,-6.0,2.0,2.0
United States,USA,2017,False,Americas,True,194000.0,1.3,760000.0,51.54639,48.45361,21.249999999999993,16.166666666666664,Early (1-5%),2022.0,-5.0,2.0,2.0
United States,USA,2018,False,Americas,True,360000.0,2.3,1120000.0,66.66667,33.333330000000004,85.56701030927836,17.560975609756095,Early (1-5%),2022.0,-4.0,2.0,2.0
United States,USA,2019,False,Americas,True,325000.0,2.1,1450000.0,73.84615,26.153850000000006,-9.722222222222221,15.625,Early (1-5%),2022.0,-3.0,2.0,2.0
United States,USA,2020,False,Americas,True,294000.0,2.3,1740000.0,78.23129,21.76871,-9.53846153846154,9.865771812080537,Early (1-5%),2022.0,-2.0,3.0,2.0
United States,USA,2021,False,Americas,True,630000.0,4.7,2220000.0,74.60317,25.396829999999994,114.28571428571428,9.545454545454547,Early (1-5%),2022.0,-1.0,3.0,2.0
United States,USA,2022,False,Americas,True,990000.0,7.7,3010000.0,80.80808,19.191919999999996,57.14285714285714,9.705882352941178,Growth (5-20%),2022.0,0.0,2.0,2.0
United States,USA,2023,False,Americas,True,1390000.0,9.7,4800000.0,79.13669,20.86331,40.4040404040404,10.145985401459855,Growth (5-20%),2022.0,1.0,2.0,2.0
United States,USA,2024,False,Americas,True,1520000.0,10.0,6300000.0,78.94737,21.052629999999994,9.35251798561152,8.685714285714285,Growth (5-20%),2022.0,2.0,2.0,2.0
United States,USA,2025,False,Americas,True,1530000.0,10.0,7800000.0,78.43137,21.56863,0.6578947368421018,7.216981132075471,Growth (5-20%),2022.0,3.0,2.0,2.0
Uzbekistan,UZB,2023,False,Asia-Pacific,False,9960.0,,9960.0,7.630522,92.369478,,0.0727007299270073,,,,40.0,39.0
Uzbekistan,UZB,2024,False,Asia-Pacific,False,22600.0,,32400.0,24.77876,75.22124,126.90763052208834,0.12914285714285714,,,,34.0,36.0
Uzbekistan,UZB,2025,False,Asia-Pacific,False,30000.0,,63000.0,33.33333,66.66667000000001,32.74336283185841,0.14150943396226415,,,,34.0,35.0
Vietnam,VNM,2018,False,Asia-Pacific,False,3.0,,3.0,100.0,0.0,,0.00014634146341463414,,,,52.0,41.0
Vietnam,VNM,2019,False,Asia-Pacific,False,,,3.0,,,,,,,,,42.0
Vietnam,VNM,2020,False,Asia-Pacific,False,,,3.0,,,,,,,,,42.0
Vietnam,VNM,2021,False,Asia-Pacific,False,85.0,,88.0,100.0,0.0,,0.001287878787878788,,,,56.0,42.0
Vietnam,VNM,2022,False,Asia-Pacific,False,7319.0,,7419.0,99.7404,0.25960000000000605,8510.588235294117,0.07175490196078432,,,,38.0,36.0
Vietnam,VNM,2023,False,Asia-Pacific,False,32064.0,,39083.0,99.8004,0.19960000000000377,338.09263560595707,0.23404379562043795,,,,27.0,31.0
Vietnam,VNM,2024,False,Asia-Pacific,False,69084.0,,110170.0,99.87841,0.12158999999999764,115.45658682634729,0.3947657142857143,,,,23.0,29.0
Vietnam,VNM,2025,False,Asia-Pacific,False,180077.0,,280240.0,99.95724,0.04276000000000124,160.6638295408488,0.8494198113207547,,,,11.0,26.0
World,OWID_WRL,2010,True,,False,7450.0,0.012,39000.0,93.95973,6.040270000000007,,,Nascent (<1%),2021.0,-11.0,,
World,OWID_WRL,2011,True,,False,49000.0,0.072,95000.0,81.63265,18.367350000000002,557.7181208053692,,Nascent (<1%),2021.0,-10.0,,
World,OWID_WRL,2012,True,,False,119000.0,0.17,219000.0,49.57983,50.42017,142.85714285714283,,Nascent (<1%),2021.0,-9.0,,
World,OWID_WRL,2013,True,,False,201000.0,0.29,420000.0,54.72637,45.27363,68.90756302521008,,Nascent (<1%),2021.0,-8.0,,
World,OWID_WRL,2014,True,,False,330000.0,0.44,730000.0,60.60606,39.39394,64.17910447761194,,Nascent (<1%),2021.0,-7.0,,
World,OWID_WRL,2015,True,,False,520000.0,0.68,1270000.0,63.46154,36.53846,57.57575757575757,,Nascent (<1%),2021.0,-6.0,,
World,OWID_WRL,2016,True,,False,780000.0,0.95,2030000.0,60.25641,39.74359,50.0,,Nascent (<1%),2021.0,-5.0,,
World,OWID_WRL,2017,True,,False,1200000.0,1.4,3100000.0,63.33333,36.66667,53.846153846153854,,Early (1-5%),2021.0,-4.0,,
World,OWID_WRL,2018,True,,False,2050000.0,2.4,5100000.0,68.29268,31.707319999999996,70.83333333333333,,Early (1-5%),2021.0,-3.0,,
World,OWID_WRL,2019,True,,False,2080000.0,2.7,7100000.0,72.11538,27.884619999999998,1.4634146341463428,,Early (1-5%),2021.0,-2.0,,
World,OWID_WRL,2020,True,,False,2980000.0,4.4,10200000.0,67.11409,32.885909999999996,43.269230769230774,,Early (1-5%),2021.0,-1.0,,
World,OWID_WRL,2021,True,,False,6600000.0,9.3,16200000.0,71.21212,28.78788,121.4765100671141,,Growth (5-20%),2021.0,0.0,,
World,OWID_WRL,2022,True,,False,10200000.0,15.0,25800000.0,71.56863,28.43137,54.54545454545454,,Growth (5-20%),2021.0,1.0,,
World,OWID_WRL,2023,True,,False,13700000.0,18.0,40000000.0,69.34307,30.656930000000003,34.31372549019607,,Growth (5-20%),2021.0,2.0,,
World,OWID_WRL,2024,True,,False,17500000.0,21.0,56000000.0,62.85714,37.14286,27.737226277372272,,Mainstream (20-50%),2021.0,3.0,,
World,OWID_WRL,2025,True,,False,21200000.0,25.0,76000000.0,66.03774,33.96226,21.142857142857153,,Mainstream (20-50%),2021.0,4.0,,
